,0,1,2,3,4,5,6,7,8,9,10,11,12,13,14,15,16,17
0,Store,Climate,VSG ,LICENSED CHARACTER - JBD,LEE DENIM,LEVI DENIM,SONOMA DENIM,NIKE,ADIDAS,JUMPING BEANS ACTIVE,CARTERS,OSHKOSH,HURLEY - HAWK,JUMPING BEANS,SONOMA,CHAPS,OUTERWEAR,SWIMWEAR
1,,,,Current Space,Current Space,Current Space,Current Space,Current Space,Current Space,Current Space,Current Space,Current Space,Current Space,Current Space,Current Space,Current Space,Current Space,Current Space
2,7,COLD,ST,1,0.5,0.5,0.5,1,0,1,1,0,1,1.5,1,1,0.5,0.5
3,8,COLD,ST,1,0.5,0.5,0.5,1,0,1,1,0,1,1.5,1,1,0.5,0.5
4,9,COLD,ST,3.5,0,0.5,0.5,2,1,1,1,1,1,1.5,1,1,0.5,0.5
5,10,COLD,LG,1,0,0.5,0.5,1.5,0,1,1,0,1,1.5,1,1,0.5,0.5
6,11,COLD,ST,1,0.5,0.5,0.5,1,0,1,1,0,1,1.5,1,1,0.5,0.5
7,14,COLD,ST,1,0,0.5,0.5,1,0,1,1,0,2,1,1,1,0.5,0.5
8,17,COLD,ST,1,0.5,0.5,0.5,1,1,1,1,0,1,1,0.5,1,0.5,0.5
9,18,COLD,LG,1,0.5,0.5,0.5,1,0,1,1,0,1,1.5,1,1,0.5,0.5
10,19,COLD,SM,1,0.5,0.5,0.5,1,0,1,1,0,1,1.5,1,1,0.5,0.5
11,25,MILD,ST,1,0.5,0.5,0.5,1,0,1,1,0,1,1.5,1,1,0.5,0.5
12,31,MILD,ST,1,0.5,0.5,0.5,1,1,1,1,0,1,1,0.5,1,0.5,0.5
13,32,HOT,ST,1,0.5,0.5,0.5,1,1,1,1,0,1,1,0.5,1,0.5,0.5
14,33,COLD,ST,1,0,0.5,0.5,1,1,1,1,0,1,1,1,1,0.5,0.5
15,34,SUPER HOT,LO,1,0.5,0.5,0.5,1,0,1,1,0,1,1.5,1,1,0.5,0.5
16,35,COLD,LO,1,0,0.5,0.5,1.5,0,1,1,0,2,1.5,1,0,0.5,0.5
17,37,COLD,ST,1,0,0.5,0.5,1,0,1,1,0,2,1,1,1,0.5,0.5
18,39,COLD,ST,1,0.5,0.5,0.5,1,0,1,1,0,1,1.5,1,1,0.5,0.5
19,41,COLD,ST,1,0,0.5,0.5,1.5,0,1,1,0,1,1.5,1,1,0.5,0.5
20,43,COLD,SM,1,0,0.5,0.5,1.5,0,1,1,0,1,1.5,1,1,0.5,0.5
21,48,COLD,ST,1,0,0.5,0.5,1.5,0,1,1,0,1,1.5,1,1,0.5,0.5
22,49,COLD,ST,1,0.5,0.5,0.5,1,1,1,1,0,1,1.5,1,0,0.5,0.5
23,52,COLD,SM,1,0,0.5,0.5,1,1,1,1,0,1,1,1,1,0.5,0.5
24,54,COLD,ST,1,0,0.5,0.5,1.5,1,1,1,0,1,1.5,1,0,0.5,0.5
25,55,COLD,ST,1,0.5,0.5,0.5,1,0,1,1,0,1,1.5,1,1,0.5,0.5
26,57,COLD,LG,1.5,0,0.5,0.5,2,0,1,1,0,1,1.5,1,0,0.5,0.5
27,59,COLD,ST,1,0,0.5,0.5,1.5,1,1,1,0,1,1.5,1,0,0.5,0.5
28,60,COLD,ST,1,0,0.5,0.5,1.5,1,1,1,0,1,1.5,1,0,0.5,0.5
29,62,COLD,ST,1,0.5,0.5,0.5,1,1,1,1,0,1,1.5,1,0,0.5,0.5
30,63,COLD,ST,0,1,1,1,1,1.5,1,1,0.5,0.5,0,0,0,0,0
31,64,COLD,LG,1,1,1,1,1,1.5,1,1,0.5,0.5,0,0,0,0,0
32,65,COLD,LG,1,1,1,1,1,1.5,1,1,0.5,0.5,0,0,0,0,0
33,66,COLD,ST,1,1,1,1,1,1.5,1,1,0.5,0.5,0,0,0,0,0
34,67,COLD,ST,1,1,1,1,1,1.5,1,1,0.5,0.5,0,0,0,0,0
35,68,COLD,ST,1,1,1,1,1,1.5,1,0.5,0.5,0.5,0,0,0,0,0
36,70,COLD,ST,1,1,1,1,1,1.5,1,1,0.5,0.5,0,0,0,0,0
37,71,COLD,ST,1,1,1,1,1,1.5,1,1,0.5,0.5,0,0,0,0,0
38,72,COLD,ST,1,1,1,1,1,1.5,1,1,0.5,0.5,0,0,0,0,0
39,73,COLD,ST,1,1,1,1,1,1.5,1,1,0.5,0.5,0,0,0,0,0
40,75,COLD,ST,1,1,1,1,1,1.5,1,1,0.5,0.5,0,0,0,0,0
41,77,COLD,ST,1,1,1,1,1,1.5,1,1,0.5,0.5,0,0,0,0,0
42,79,COLD,ST,1,1,1,1,1,1.5,1,1,0.5,0.5,0,0,0,0,0
43,82,COLD,ST,1,1,1,1,1,1.5,1,1,0.5,0.5,0,0,0,0,0
44,83,COLD,ST,1,1,1,1,1,1.5,1,0.5,0.5,0.5,0,0,0,0,0
45,84,COLD,SM,0,1,1,1,1,1,0.5,1,0.5,0.5,0,0,0,0,0
46,86,COLD,ST,1,1,1,1,1,1.5,1,1,0.5,0.5,0,0,0,0,0
47,89,COLD,ST,1,1,1,1,1,1.5,1,1,0.5,0.5,0,0,0,0,0
48,91,COLD,ST,1,1,1,1,1,1.5,1,1,0.5,0.5,0,0,0,0,0
49,95,COLD,LO,1,1,1,1,1,1,0.5,1,0.5,0.5,0,0,0,0,0
50,96,COLD,ST,1,1,1,1,1,1.5,1,1,0.5,0.5,0,0,0,0,0
51,97,COLD,LG,1,1,1,1,1,1.5,1,1,0.5,0.5,0,0,0,0,0
52,99,COLD,LG,1,1,1,1,1,1.5,1,1,0.5,0.5,0,0,0,0,0
53,101,COLD,ST,1,1,1,1,1,1.5,1,1,0.5,0.5,0,0,0,0,0
54,102,COLD,LG,1,1,1,1,1,1.5,1,1,0.5,0.5,0,0,0,0,0
55,103,COLD,SM,1,1,1,0.5,1,1,0.5,1,0.25,0.25,0,0,0,0,0
56,104,COLD,ST,1,1,1,1,1,1.5,1,1,0.5,0.5,0,0,0,0,0
57,105,COLD,LG,1,1,1,1,1,1.5,1,1,0.5,0.5,0,0,0,0,0
58,106,COLD,ST,1,1,1,1,1,1.5,1,1,0.5,0.5,0,0,0,0,0
59,107,COLD,ST,1,1,1,1,1,1.5,1,1,0.5,0.5,0,0,0,0,0
60,108,COLD,ST,0,1,1,1,1,1.5,1,1.5,0.5,0.5,0,0,0,0,0
61,109,COLD,ST,1,1,1,1,1,1.5,1,1,0.5,0.5,0,0,0,0,0
62,110,COLD,ST,1,1,1,1,1,1.5,1,1,0.5,0.5,0,0,0,0,0
63,111,COLD,ST,1,1,1,1,1,1.5,1,1,0.5,0.5,0,0,0,0,0
64,112,COLD,ST,1,1,1,1,1,1.5,1,1,0.5,0.5,0,0,0,0,0
65,113,COLD,ST,1,1,1,1,1,1.5,1,1,0.5,0.5,0,0,0,0,0
66,114,HOT,ST,0,1,1,1,1,1.5,1,1,0.5,0.5,0,0,0,0,0
67,115,HOT,SM,0,1,1,0,2,1,0.5,1,0.5,0.5,0,0,0,0,0
68,117,COLD,ST,1,1,1,1,1,1.5,1,1,0.5,0.5,0,0,0,0,0
69,118,COLD,ST,1,1,1,1,1,1.5,1,1,0.5,0.5,0,0,0,0,0
70,119,MILD,ST,1,1,1,1,1,1.5,1,1,0.5,0.5,0,0,0,0,0
71,121,COLD,ST,1,1,1,1,1,1.5,1,1,0.5,0.5,0,0,0,0,0
72,123,COLD,ST,1,1,1,1,1,1.5,1,1,0.5,0.5,0,0,0,0,0
73,125,COLD,SM,1,1,1,0,1,1,0.5,1,0.5,0.5,0,0,0,0,0
74,126,COLD,ST,1,1,1,1,1,1.5,1,1,0.5,0.5,0,0,0,0,0
75,127,COLD,ST,1,1,1,1,1,1.5,1,1,0.5,0.5,0,0,0,0,0
76,129,COLD,ST,1,1,1,1,1,1.5,1,1,0.5,0.5,0,0,0,0,0
77,130,COLD,LG,0,1,1,1,1,1.5,1,1.5,0.5,0.5,0,0,0,0,0
78,132,COLD,SM,0,1,1,1,1,1,0.5,1,0.5,0.5,0,0,0,0,0
79,134,COLD,ST,1,1,1,1,1,1.5,1,0.5,0.5,0.5,0,0,0,0,0
80,136,COLD,SM,0,1,1,1,1,1,0.5,1,0.5,0.5,0,0,0,0,0
81,138,COLD,ST,1,1,1,1,1,1.5,1,1,0.5,0.5,0,0,0,0,0
82,139,HOT,LO,0,1,1,1,1,1,1,1,0.5,0.5,0,0,0,0,0
83,140,COLD,LG,1,1,1,1,1,1.5,1,1,0.5,0.5,0,0,0,0,0
84,141,COLD,ST,1,1,1,1,1,1.5,1,1,0.5,0.5,0,0,0,0,0
85,142,COLD,ST,1,1,1,1,1,1.5,1,1,0.5,0.5,0,0,0,0,0
86,143,HOT,SM,0,1,1,0,1,1.5,1,1,0.5,0.5,0,0,0,0,0
87,147,MILD,ST,1,1,1,1,1,1.5,1,1,0.5,0.5,0,0,0,0,0
88,148,COLD,ST,1,1,1,1,1,1.5,1,1,0.5,0.5,0,0,0,0,0
89,149,COLD,LO,1,1,1,1,1,1,1,1,0.5,0.5,0,0,0,0,0
90,153,MILD,ST,0,1,1,1,1,1.5,1,1,0.5,0.5,0,0,0,0,0
91,154,MILD,ST,0,1,1,1,1,1.5,1,1,0.5,0.5,0,0,0,0,0
92,155,COLD,ST,1,1,1,1,1,1.5,1,1,0.5,0.5,0,0,0,0,0
93,156,MILD,ST,0,1,1,1,1,1.5,1,1,0.5,0.5,0,0,0,0,0
94,158,COLD,ST,1,1,1,1,1,1.5,1,1,0.5,0.5,0,0,0,0,0
95,159,COLD,ST,1,1,1,1,1,1.5,1,1,0.5,0.5,0,0,0,0,0
96,160,COLD,ST,1,1,1,1,1,1.5,1,1,0.5,0.5,0,0,0,0,0
97,161,COLD,ST,0,1,1,1,1,1.5,1,1,0.5,0.5,0,0,0,0,0
98,162,COLD,ST,1,1,1,1,1,1.5,1,1,0.5,0.5,0,0,0,0,0
99,163,MILD,ST,0,1,1,1,2,1.5,1,0,0.5,0.5,0,0,0,0,0
100,165,COLD,SM,1,1,1,0,1,1,0.5,1,0.5,0.5,0,0,0,0,0
101,166,HOT,ST,0,1,1,1,1,1.5,1,1.5,0.5,0.5,0,0,0,0,0
102,167,COLD,ST,1,1,1,1,1,1.5,1,1,0.5,0.5,0,0,0,0,0
103,168,COLD,ST,1,1,1,1,1,1.5,1,1,0.5,0.5,0,0,0,0,0
104,169,MILD,ST,1,1,1,1,1,1.5,1,1,0.5,0.5,0,0,0,0,0
105,170,MILD,ST,0,1,1,1,1,1.5,1,1,0.5,0.5,0,0,0,0,0
106,171,MILD,ST,0,1,1,1,1,1.5,1,1.5,0.5,0.5,0,0,0,0,0
107,172,MILD,LO,0,1,1,1,1,1.5,1,1,0.5,0.5,0,0,0,0,0
108,173,COLD,LO,1,1,1,1,1,1,0.5,1,0.5,0.5,0,0,0,0,0
109,174,COLD,ST,1,1,1,1,1,1.5,1,1,0.5,0.5,0,0,0,0,0
110,175,COLD,LG,1,1,1,1,1,1.5,1,1,0.5,0.5,0,0,0,0,0
111,176,COLD,LG,1,1,1,1,1,1.5,1,1,0.5,0.5,0,0,0,0,0
112,177,COLD,ST,1,1,1,1,1,1.5,1,1,0.5,0.5,0,0,0,0,0
113,178,COLD,ST,1,1,1,1,1,1.5,1,1,0.5,0.5,0,0,0,0,0
114,179,COLD,ST,1,1,1,1,1,1.5,1,1,0.5,0.5,0,0,0,0,0
115,180,COLD,SM,1,1,1,0,1,1,0.5,1,0.5,0.5,0,0,0,0,0
116,182,MILD,ST,0,1,1,1,1,1.5,1,1,0.5,0.5,0,0,0,0,0
117,183,HOT,ST,1,1,1,1,1,1.5,1,1,0.5,0.5,0,0,0,0,0
118,184,COLD,ST,1,1,1,1,1,1.5,1,1,0.5,0.5,0,0,0,0,0
119,185,COLD,SM,0,1,1,1,1,1,0.5,1,0.5,0.5,0,0,0,0,0
120,186,COLD,SM,1,1,1,0,1,1,0.5,1,0.5,0.5,0,0,0,0,0
121,187,COLD,ST,1,1,1,1,1,1.5,1,1,0.5,0.5,0,0,0,0,0
122,188,COLD,ST,1,1,1,1,1,1.5,1,1,0.5,0.5,0,0,0,0,0
123,189,COLD,ST,1,1,1,1,1,1.5,1,1,0.5,0.5,0,0,0,0,0
124,190,COLD,ST,0,1,1,1,1,1.5,1,1,0.5,0.5,0,0,0,0,0
125,191,MILD,ST,0,1,1,1,1,1.5,1,1,0.5,0.5,0,0,0,0,0
126,192,HOT,LO,0,1,1,1,2,1,0.5,1,0.5,0.5,0,0,0,0,0
127,193,MILD,LO,0,1,1,1,1,1.5,1,1,0.5,0.5,0,0,0,0,0
128,195,MILD,ST,0,1,1,1,1,1.5,1,1,0.5,0.5,0,0,0,0,0
129,196,MILD,ST,1,1,1,1,1,1.5,1,1,0.5,0.5,0,0,0,0,0
130,197,HOT,ST,0,1,1,1,3,1.5,1,0,0.5,0.5,0,0,0,0,0
131,198,COLD,ST,1,1,1,1,1,1.5,1,1,0.5,0.5,0,0,0,0,0
132,200,SUPER HOT,ST,0,1,1,1,2,1.5,1,1,0.5,0.5,0,0,0,0,0
133,201,COLD,ST,1,1,1,1,1,1.5,1,0.5,0.5,0.5,0,0,0,0,0
134,202,COLD,ST,1,1,1,1,1,1.5,1,1,0.5,0.5,0,0,0,0,0
135,204,COLD,ST,1,1,1,1,1,1.5,1,1,0.5,0.5,0,0,0,0,0
136,205,COLD,ST,1,1,1,1,1,1.5,1,1,0.5,0.5,0,0,0,0,0
137,206,COLD,ST,1,1,1,1,1,1.5,1,1,0.5,0.5,0,0,0,0,0
138,207,COLD,ST,1,1,1,1,1,1.5,1,1,0.5,0.5,0,0,0,0,0
139,208,COLD,ST,1,1,1,1,1,1.5,1,1,0.5,0.5,0,0,0,0,0
140,209,COLD,ST,1,1,1,1,1,1.5,1,1,0.5,0.5,0,0,0,0,0
141,210,COLD,ST,1,1,1,1,1,1.5,1,1,0.5,0.5,0,0,0,0,0
142,211,COLD,SM,1,1,1,0,1,1,0.5,1,0.5,0.5,0,0,0,0,0
143,212,COLD,ST,1,1,1,1,1,1.5,1,1,0.5,0.5,0,0,0,0,0
144,213,COLD,ST,1,1,1,1,1,1.5,1,1,0.5,0.5,0,0,0,0,0
145,214,COLD,ST,1,1,1,1,1,1.5,1,1,0.5,0.5,0,0,0,0,0
146,215,COLD,ST,1,1,1,1,1,1.5,1,1,0.5,0.5,0,0,0,0,0
147,216,COLD,SM,1,1,1,0.5,1,1,0.5,1,0.25,0.25,0,0,0,0,0
148,217,COLD,ST,1,1,1,1,1,1.5,1,1,0.5,0.5,0,0,0,0,0
149,218,COLD,ST,1,1,1,1,1,1.5,1,1,0.5,0.5,0,0,0,0,0
150,219,COLD,ST,1,1,1,1,1,1.5,1,1,0.5,0.5,0,0,0,0,0
151,220,COLD,ST,1,1,1,1,1,1.5,1,1,0.5,0.5,0,0,0,0,0
152,221,COLD,SM,1,1,1,0.5,1,1,0.5,1,0.25,0.25,0,0,0,0,0
153,222,COLD,ST,1,1,1,1,1,1.5,1,1,0.5,0.5,0,0,0,0,0
154,223,COLD,LG,1,1,1,1,1,1.5,1,1,0.5,0.5,0,0,0,0,0
155,224,COLD,SM,0,1,1,1,1,1,0.5,1,0.5,0.5,0,0,0,0,0
156,225,COLD,ST,1,1,1,1,1,1.5,1,1,0.5,0.5,0,0,0,0,0
157,226,COLD,LO,0,1,1,1,1,1,1,1,0.5,0.5,0,0,0,0,0
158,227,COLD,ST,1,1,1,1,1,1.5,1,1,0.5,0.5,0,0,0,0,0
159,228,COLD,ST,1,1,1,1,1,1.5,1,1,0.5,0.5,0,0,0,0,0
160,229,COLD,LG,1,1,1,1,1,1.5,1,1,0.5,0.5,0,0,0,0,0
161,230,MILD,ST,0,1,1,1,1,1.5,1,1,0.5,0.5,0,0,0,0,0
162,231,MILD,ST,1,1,1,1,1,1.5,1,1,0.5,0.5,0,0,0,0,0
163,232,MILD,ST,1,1,1,1,1,1.5,1,1,0.5,0.5,0,0,0,0,0
164,233,MILD,ST,0,1,1,1,1,1.5,1,1,0.5,0.5,0,0,0,0,0
165,234,MILD,ST,1,1,1,1,1,1.5,1,1,0.5,0.5,0,0,0,0,0
166,235,COLD,ST,1,1,1,1,1,1.5,1,1,0.5,0.5,0,0,0,0,0
167,236,COLD,ST,1,1,1,1,1,1.5,1,1,0.5,0.5,0,0,0,0,0
168,237,COLD,ST,1,1,1,1,1,1.5,1,1,0.5,0.5,0,0,0,0,0
169,238,COLD,ST,1,1,1,1,1,1.5,1,1,0.5,0.5,0,0,0,0,0
170,239,COLD,LG,1,1,1,1,1,1.5,1,1,0.5,0.5,0,0,0,0,0
171,240,COLD,ST,1,1,1,1,1,1.5,1,1,0.5,0.5,0,0,0,0,0
172,241,COLD,ST,1,1,1,1,1,1.5,1,1,0.5,0.5,0,0,0,0,0
173,242,COLD,ST,1,1,1,1,1,1.5,1,1,0.5,0.5,0,0,0,0,0
174,243,COLD,ST,1,1,1,1,1,1.5,1,1,0.5,0.5,0,0,0,0,0
175,244,COLD,ST,1,1,1,1,1,1.5,1,1,0.5,0.5,0,0,0,0,0
176,245,COLD,ST,1,1,1,1,1,1.5,1,1,0.5,0.5,0,0,0,0,0
177,246,MILD,LG,1,1,1,1,1,1.5,1,1,0.5,0.5,0,0,0,0,0
178,247,MILD,ST,1,1,1,1,1,1.5,1,1,0.5,0.5,0,0,0,0,0
179,248,MILD,ST,1,1,1,1,1,1.5,1,1,0.5,0.5,0,0,0,0,0
180,249,HOT,ST,1,1,1,1,1,1.5,1,1,0.5,0.5,0,0,0,0,0
181,251,MILD,ST,1,1,1,1,1,1.5,1,1,0.5,0.5,0,0,0,0,0
182,252,COLD,ST,1,1,1,1,1,1.5,1,1,0.5,0.5,0,0,0,0,0
183,253,COLD,LG,1,1,1,1,1,1.5,1,1,0.5,0.5,0,0,0,0,0
184,254,COLD,ST,1,1,1,1,1,1.5,1,1,0.5,0.5,0,0,0,0,0
185,255,COLD,ST,1,1,1,1,1,1.5,1,1,0.5,0.5,0,0,0,0,0
186,256,COLD,ST,1,1,1,1,1,1.5,1,1,0.5,0.5,0,0,0,0,0
187,257,COLD,ST,1,1,1,1,1,1.5,1,1,0.5,0.5,0,0,0,0,0
188,258,COLD,ST,1,1,1,1,1,1.5,1,1,0.5,0.5,0,0,0,0,0
189,259,COLD,ST,1,1,1,1,1,1.5,1,1,0.5,0.5,0,0,0,0,0
190,260,COLD,ST,1,1,1,1,1,1.5,1,1,0.5,0.5,0,0,0,0,0
191,261,HOT,ST,0,1,1,1,1,1.5,1,1,0.5,0.5,0,0,0,0,0
192,262,MILD,ST,1,1,1,1,1,1.5,1,1,0.5,0.5,0,0,0,0,0
193,263,MILD,ST,1,1,1,1,1,1.5,1,1,0.5,0.5,0,0,0,0,0
194,264,MILD,ST,1,1,1,1,1,1.5,1,1,0.5,0.5,0,0,0,0,0
195,265,MILD,ST,1,1,1,1,1,1.5,1,1,0.5,0.5,0,0,0,0,0
196,266,MILD,SM,0,1,1,1,1,1,0.5,1,0.5,0.5,0,0,0,0,0
197,267,MILD,ST,0,1,1,1,1,1.5,1,1,0.5,0.5,0,0,0,0,0
198,268,MILD,LG,1,1,1,1,1,1.5,1,1,0.5,0.5,0,0,0,0,0
199,269,MILD,ST,1,1,1,1,1,1.5,1,1,0.5,0.5,0,0,0,0,0
200,270,MILD,ST,1,1,1,1,1,1.5,1,1,0.5,0.5,0,0,0,0,0
201,271,COLD,ST,1,1,1,1,1,1.5,1,1,0.5,0.5,0,0,0,0,0
202,272,COLD,LG,1,1,1,1,1,1.5,1,1,0.5,0.5,0,0,0,0,0
203,273,COLD,ST,1,1,1,1,1,1.5,1,1,0.5,0.5,0,0,0,0,0
204,274,COLD,ST,1,1,1,1,1,1.5,1,1,0.5,0.5,0,0,0,0,0
205,275,COLD,ST,0,1,1,1,1,1.5,1,1,0.5,0.5,0,0,0,0,0
206,276,COLD,ST,1,1,1,1,1,1.5,1,1,0.5,0.5,0,0,0,0,0
207,277,COLD,ST,1,1,1,1,1,1.5,1,1,0.5,0.5,0,0,0,0,0
208,278,COLD,ST,1,1,1,1,1,1.5,1,1,0.5,0.5,0,0,0,0,0
209,279,COLD,ST,1,1,1,1,1,1.5,1,1,0.5,0.5,0,0,0,0,0
210,280,COLD,ST,1,1,1,1,1,1.5,1,1,0.5,0.5,0,0,0,0,0
211,281,MILD,ST,1,1,1,1,1,1.5,1,1,0.5,0.5,0,0,0,0,0
212,282,COLD,ST,1,1,1,1,1,1.5,1,1,0.5,0.5,0,0,0,0,0
213,283,MILD,ST,0,1,1,1,1,1.5,1,1.5,0.5,0.5,0,0,0,0,0
214,284,COLD,ST,1,1,1,1,1,1.5,1,1,0.5,0.5,0,0,0,0,0
215,285,COLD,ST,1,1,1,1,1,1.5,1,1,0.5,0.5,0,0,0,0,0
216,286,COLD,ST,1,1,1,1,1,1.5,1,1,0.5,0.5,0,0,0,0,0
217,287,HOT,ST,0,1,1,1,1,1.5,1,1.5,0.5,0.5,0,0,0,0,0
218,288,MILD,ST,1,1,1,1,1,1.5,1,1,0.5,0.5,0,0,0,0,0
219,289,COLD,ST,1,1,1,1,1,1.5,1,0.5,0.5,0.5,0,0,0,0,0
220,290,COLD,ST,1,1,1,1,1,1.5,1,1,0.5,0.5,0,0,0,0,0
221,291,COLD,LG,1,1,1,1,1,1.5,1,1,0.5,0.5,0,0,0,0,0
222,292,COLD,ST,1,1,1,1,1,1.5,1,1,0.5,0.5,0,0,0,0,0
223,293,COLD,ST,1,1,1,1,1,1.5,1,0.5,0.5,0.5,0,0,0,0,0
224,295,MILD,ST,1,1,1,1,1,1.5,1,1,0.5,0.5,0,0,0,0,0
225,296,COLD,ST,1,1,1,1,1,1.5,1,1,0.5,0.5,0,0,0,0,0
226,297,COLD,ST,1,1,1,1,1,1.5,1,1,0.5,0.5,0,0,0,0,0
227,298,COLD,ST,1,1,1,1,1,1.5,1,1,0.5,0.5,0,0,0,0,0
228,299,COLD,ST,1,1,1,1,1,1.5,1,1,0.5,0.5,0,0,0,0,0
229,301,MILD,ST,1,1,1,1,1,1.5,1,1,0.5,0.5,0,0,0,0,0
230,302,HOT,ST,1,1,1,1,1,1.5,1,1,0.5,0.5,0,0,0,0,0
231,303,HOT,ST,0,1,1,1,1,1.5,1,1,0.5,0.5,0,0,0,0,0
232,304,MILD,ST,0,1,1,1,1,1.5,1,1.5,0.5,0.5,0,0,0,0,0
233,305,MILD,ST,1,1,1,1,1,1.5,1,1,0.5,0.5,0,0,0,0,0
234,306,MILD,ST,0,1,1,1,1,1.5,1,1,0.5,0.5,0,0,0,0,0
235,307,COLD,ST,1,1,1,1,1,1.5,1,1,0.5,0.5,0,0,0,0,0
236,308,MILD,ST,0,1,1,1,1,1.5,1,1,0.5,0.5,0,0,0,0,0
237,310,MILD,SM,0,1,1,1,1,1,0.5,1,0.5,0.5,0,0,0,0,0
238,311,COLD,ST,1,1,1,1,1,1.5,1,1,0.5,0.5,0,0,0,0,0
239,312,MILD,LG,1,1,1,1,1,1.5,1,1.5,0.5,0.5,0,0,0,0,0
240,313,MILD,ST,1,1,1,1,1,1.5,1,1,0.5,0.5,0,0,0,0,0
241,314,COLD,LG,1,1,1,1,1,1.5,1,1,0.5,0.5,0,0,0,0,0
242,315,MILD,ST,1,1,1,1,1,1.5,1,1,0.5,0.5,0,0,0,0,0
243,316,COLD,ST,1,1,1,1,1,1.5,1,1,0.5,0.5,0,0,0,0,0
244,317,COLD,ST,1,1,1,1,1,1.5,1,1,0.5,0.5,0,0,0,0,0
245,318,HOT,ST,0,1,1,1,1,1.5,1,1,0.5,0.5,0,0,0,0,0
246,319,HOT,ST,1,1,1,1,1,1.5,1,1,0.5,0.5,0,0,0,0,0
247,320,COLD,ST,1,1,1,1,1,1.5,1,1,0.5,0.5,0,0,0,0,0
248,321,COLD,ST,1,1,1,1,1,1.5,1,0.5,0.5,0.5,0,0,0,0,0
249,322,COLD,ST,1,1,1,1,1,1.5,1,1,0.5,0.5,0,0,0,0,0
250,323,COLD,ST,1,1,1,1,1,1.5,1,1,0.5,0.5,0,0,0,0,0
251,324,COLD,ST,0,1,1,1,1,1.5,1,1.5,0.5,0.5,0,0,0,0,0
252,325,MILD,ST,1,1,1,1,1,1.5,1,1,0.5,0.5,0,0,0,0,0
253,326,MILD,ST,0,1,1,1,1,1.5,1,1.5,0.5,0.5,0,0,0,0,0
254,327,MILD,ST,1,1,1,1,1,1.5,1,0.5,0.5,0.5,0,0,0,0,0
255,328,COLD,ST,1,1,1,1,1,1.5,1,1,0.5,0.5,0,0,0,0,0
256,329,COLD,LG,1,1,1,1,1,1.5,1,1,0.5,0.5,0,0,0,0,0
257,330,MILD,ST,1,1,1,1,1,1.5,1,1,0.5,0.5,0,0,0,0,0
258,331,COLD,ST,1,1,1,1,1,1.5,1,1,0.5,0.5,0,0,0,0,0
259,332,COLD,ST,1,1,1,1,1,1.5,1,1,0.5,0.5,0,0,0,0,0
260,333,COLD,ST,1,1,1,1,1,1.5,1,0.5,0.5,0.5,0,0,0,0,0
261,334,MILD,ST,1,1,1,1,1,1.5,1,1,0.5,0.5,0,0,0,0,0
262,335,COLD,ST,1,1,1,1,1,1.5,1,1,0.5,0.5,0,0,0,0,0
263,336,COLD,ST,1,1,1,1,1,1.5,1,1,0.5,0.5,0,0,0,0,0
264,337,COLD,ST,1,1,1,1,1,1.5,1,1,0.5,0.5,0,0,0,0,0
265,338,COLD,ST,1,1,1,1,1,1.5,1,1,0.5,0.5,0,0,0,0,0
266,339,COLD,ST,0,1,1,1,1,1.5,1,1,0.5,0.5,0,0,0,0,0
267,340,MILD,ST,0,1,1,1,1,1.5,1,1.5,0.5,0.5,0,0,0,0,0
268,341,COLD,ST,1,1,1,1,1,1.5,1,1,0.5,0.5,0,0,0,0,0
269,342,COLD,ST,1,1,1,1,1,1.5,1,1,0.5,0.5,0,0,0,0,0
270,343,COLD,LO,1,1,1,1,1,1,0.5,1,0.5,0.5,0,0,0,0,0
271,344,COLD,ST,1,1,1,1,1,1.5,1,1,0.5,0.5,0,0,0,0,0
272,345,COLD,ST,0,1,1,1,1,1.5,1,1,0.5,0.5,0,0,0,0,0
273,346,COLD,ST,0,1,1,1,1,1.5,1,1,0.5,0.5,0,0,0,0,0
274,347,COLD,ST,1,1,1,1,1,1.5,1,1,0.5,0.5,0,0,0,0,0
275,348,HOT,ST,0,1,1,1,1,1.5,1,1.5,0.5,0.5,0,0,0,0,0
276,349,MILD,ST,1,1,1,1,1,1.5,1,1,0.5,0.5,0,0,0,0,0
277,350,MILD,LG,1,1,1,1,1,1.5,1,1,0.5,0.5,0,0,0,0,0
278,351,MILD,ST,1,1,1,1,1,1.5,1,1,0.5,0.5,0,0,0,0,0
279,352,MILD,ST,1,1,1,1,1,1.5,1,1,0.5,0.5,0,0,0,0,0
280,353,MILD,ST,1,1,1,1,1,1.5,1,1,0.5,0.5,0,0,0,0,0
281,354,MILD,ST,1,1,1,1,1,1.5,1,1,0.5,0.5,0,0,0,0,0
282,355,MILD,ST,1,1,1,1,1,1.5,1,1,0.5,0.5,0,0,0,0,0
283,356,MILD,ST,1,1,1,1,1,1.5,1,1,0.5,0.5,0,0,0,0,0
284,357,MILD,ST,1,1,1,1,1,1.5,1,1,0.5,0.5,0,0,0,0,0
285,358,COLD,ST,1,1,1,1,1,1.5,1,1,0.5,0.5,0,0,0,0,0
286,359,COLD,ST,1,1,1,1,1,1.5,1,1,0.5,0.5,0,0,0,0,0
287,360,COLD,ST,1,1,1,1,1,1.5,1,1,0.5,0.5,0,0,0,0,0
288,361,HOT,ST,0,1,1,1,2,1.5,1,1,0.5,0.5,0,0,0,0,0
289,362,HOT,ST,0,1,1,1,2,1.5,1,1,0.5,0.5,0,0,0,0,0
290,363,HOT,ST,0,1,1,1,2,1.5,1,1,0.5,0.5,0,0,0,0,0
291,364,HOT,ST,0,1,1,1,2,1.5,1,1,0.5,0.5,0,0,0,0,0
292,365,HOT,LO,0,1,1,1,2,1,0.5,1,0.25,0.25,0,0,0,0,0
293,366,HOT,ST,0,1,1,1,2,1.5,1,1,0.5,0.5,0,0,0,0,0
294,367,HOT,SM,0,1,1,0,2,1,1,1,0.5,0.5,0,0,0,0,0
295,368,HOT,ST,0,1,1,1,2,1.5,1,1,0.5,0.5,0,0,0,0,0
296,369,HOT,ST,0,1,1,0,2,1.5,1,1,0.5,0.5,0,0,0,0,0
297,370,HOT,ST,0,1,1,1,2,1.5,1,1,0.5,0.5,0,0,0,0,0
298,371,HOT,ST,0,1,1,1,2,1.5,1,1,0.5,0.5,0,0,0,0,0
299,372,COLD,ST,0,1,1,1,1,1.5,1,1,0.5,0.5,0,0,0,0,0
300,373,COLD,ST,1,1,1,1,1,1.5,1,1,0.5,0.5,0,0,0,0,0
301,374,COLD,ST,1,1,1,1,1,1.5,1,0.5,0.5,0.5,0,0,0,0,0
302,376,COLD,ST,1,1,1,1,1,1.5,1,1,0.5,0.5,0,0,0,0,0
303,377,COLD,LG,1,1,1,1,1,1.5,1,1,0.5,0.5,0,0,0,0,0
304,378,COLD,ST,1,1,1,1,1,1.5,1,0.5,0.5,0.5,0,0,0,0,0
305,379,COLD,ST,1,1,1,1,1,1.5,1,1,0.5,0.5,0,0,0,0,0
306,380,COLD,ST,1,1,1,1,1,1.5,1,1,0.5,0.5,0,0,0,0,0
307,381,COLD,LG,1,1,1,1,1,1.5,1,1,0.5,0.5,0,0,0,0,0
308,382,COLD,ST,1,1,1,1,1,1.5,1,0.5,0.5,0.5,0,0,0,0,0
309,383,COLD,ST,1,1,1,1,1,1.5,1,1,0.5,0.5,0,0,0,0,0
310,384,COLD,ST,1,1,1,1,1,1.5,1,1,0.5,0.5,0,0,0,0,0
311,385,COLD,ST,1,1,1,1,1,1.5,1,0.5,0.5,0.5,0,0,0,0,0
312,386,COLD,LG,1,1,1,1,1,1.5,1,1,0.5,0.5,0,0,0,0,0
313,387,COLD,ST,1,1,1,1,1,1.5,1,0.5,0.5,0.5,0,0,0,0,0
314,388,COLD,ST,1,1,1,1,1,1.5,1,1,0.5,0.5,0,0,0,0,0
315,389,COLD,ST,1,1,1,1,1,1.5,1,1,0.5,0.5,0,0,0,0,0
316,390,COLD,ST,1,1,1,1,1,1.5,1,1,0.5,0.5,0,0,0,0,0
317,391,COLD,ST,1,1,1,1,1,1.5,1,0.5,0.5,0.5,0,0,0,0,0
318,392,MILD,ST,1,1,1,1,1,1.5,1,1,0.5,0.5,0,0,0,0,0
319,393,COLD,ST,1,1,1,1,1,1.5,1,0.5,0.5,0.5,0,0,0,0,0
320,394,COLD,ST,1,1,1,1,1,1.5,1,1,0.5,0.5,0,0,0,0,0
321,395,COLD,ST,1,1,1,1,1,1.5,1,1,0.5,0.5,0,0,0,0,0
322,396,COLD,ST,1,1,1,1,1,1.5,1,1,0.5,0.5,0,0,0,0,0
323,397,COLD,LG,1,1,1,1,1,1.5,1,1,0.5,0.5,0,0,0,0,0
324,398,COLD,ST,1,1,1,1,1,1.5,1,1,0.5,0.5,0,0,0,0,0
325,399,COLD,ST,1,1,1,0,1,1.5,1,1,0.5,0.5,0,0,0,0,0
326,401,COLD,ST,1,1,1,1,1,1.5,1,1,0.5,0.5,0,0,0,0,0
327,402,COLD,SM,1,1,1,0,1,1,1,1,0.5,0.5,0,0,0,0,0
328,403,COLD,ST,0,1,1,1,1,1.5,1,1,0.5,0.5,0,0,0,0,0
329,405,COLD,ST,1,1,1,1,1,1.5,1,1,0.5,0.5,0,0,0,0,0
330,406,COLD,SM,0,1,1,1,1,1,1,1,0.5,0.5,0,0,0,0,0
331,407,COLD,ST,1,1,1,1,1,1.5,1,1,0.5,0.5,0,0,0,0,0
332,408,COLD,ST,1,1,1,1,1,1.5,1,1,0.5,0.5,0,0,0,0,0
333,409,HOT,LO,0,1,1,1,2,1,0.5,1,0.5,0.5,0,0,0,0,0
334,411,COLD,ST,1,1,1,1,1,1.5,1,1,0.5,0.5,0,0,0,0,0
335,413,HOT,SM,0,1,1,0,1,1.5,1,1,0.5,0.5,0,0,0,0,0
336,414,HOT,ST,0,1,1,1,2,1.5,1,1,0.5,0.5,0,0,0,0,0
337,415,COLD,ST,1,1,1,1,1,1.5,1,1,0.5,0.5,0,0,0,0,0
338,416,HOT,ST,0,1,1,1,2,1.5,1,1,0.5,0.5,0,0,0,0,0
339,417,COLD,LG,1,1,1,1,1,1.5,1,1,0.5,0.5,0,0,0,0,0
340,418,COLD,ST,1,1,1,1,1,1.5,1,1,0.5,0.5,0,0,0,0,0
341,419,COLD,ST,1,1,1,1,1,1.5,1,1,0.5,0.5,0,0,0,0,0
342,420,COLD,ST,1,1,1,1,1,1.5,1,1,0.5,0.5,0,0,0,0,0
343,421,COLD,ST,1,1,1,1,1,1.5,1,1,0.5,0.5,0,0,0,0,0
344,422,COLD,LG,1,1,1,1,1,1.5,1,1,0.5,0.5,0,0,0,0,0
345,423,HOT,ST,1,1,1,1,2,1.5,1,1,0.5,0.5,0,0,0,0,0
346,424,COLD,ST,1,1,1,1,1,1.5,1,0.5,0.5,0.5,0,0,0,0,0
347,425,MILD,ST,1,1,1,1,1,1.5,1,1,0.5,0.5,0,0,0,0,0
348,426,MILD,ST,0,1,1,1,1,1.5,1,1,0.5,0.5,0,0,0,0,0
349,427,MILD,ST,1,1,1,1,1,1.5,1,1,0.5,0.5,0,0,0,0,0
350,428,COLD,ST,1,1,1,1,1,1.5,1,1,0.5,0.5,0,0,0,0,0
351,429,COLD,ST,1,1,1,1,1,1.5,1,1,0.5,0.5,0,0,0,0,0
352,430,COLD,ST,1,1,1,1,1,1.5,1,1,0.5,0.5,0,0,0,0,0
353,431,COLD,ST,1,1,1,1,1,1.5,1,1,0.5,0.5,0,0,0,0,0
354,432,HOT,ST,1,1,1,1,1,1.5,1,1,0.5,0.5,0,0,0,0,0
355,433,COLD,ST,1,1,1,1,1,1.5,1,1,0.5,0.5,0,0,0,0,0
356,434,MILD,ST,1,1,1,1,1,1.5,1,1,0.5,0.5,0,0,0,0,0
357,435,COLD,ST,1,1,1,1,1,1.5,1,1,0.5,0.5,0,0,0,0,0
358,436,COLD,ST,1,1,1,1,1,1.5,1,1,0.5,0.5,0,0,0,0,0
359,437,HOT,SM,0,1,1,0,1,1.5,1,1,0.5,0.5,0,0,0,0,0
360,438,HOT,LO,0,1,1,1,1,1,1,1,0.5,0.5,0,0,0,0,0
361,439,HOT,ST,0,1,1,1,1,1.5,1,1,0.5,0.5,0,0,0,0,0
362,440,HOT,ST,0,1,1,1,1,1.5,1,1,0.5,0.5,0,0,0,0,0
363,441,HOT,ST,0,1,1,1,1,1.5,1,1.5,0.5,0.5,0,0,0,0,0
364,442,HOT,ST,0,1,1,1,1,1.5,1,1.5,0.5,0.5,0,0,0,0,0
365,443,HOT,ST,0,1,1,1,1,1.5,1,1,0.5,0.5,0,0,0,0,0
366,444,HOT,ST,1,1,1,1,1,1.5,1,1,0.5,0.5,0,0,0,0,0
367,445,HOT,ST,1,1,1,1,1,1.5,1,1,0.5,0.5,0,0,0,0,0
368,446,HOT,ST,1,1,1,1,1,1.5,1,1,0.5,0.5,0,0,0,0,0
369,447,HOT,ST,1,1,1,1,1,1.5,1,1,0.5,0.5,0,0,0,0,0
370,449,HOT,ST,0,1,1,1,1,1.5,1,1.5,0.5,0.5,0,0,0,0,0
371,450,HOT,ST,0,1,1,1,1,1.5,1,1.5,0.5,0.5,0,0,0,0,0
372,451,HOT,ST,0,1,1,1,1,1.5,1,1,0.5,0.5,0,0,0,0,0
373,452,HOT,SM,0,1,1,0,1,1.5,1,1,0.5,0.5,0,0,0,0,0
374,453,HOT,ST,0,1,1,1,1,1.5,1,1.5,0.5,0.5,0,0,0,0,0
375,454,COLD,ST,1,1,1,1,1,1.5,1,1,0.5,0.5,0,0,0,0,0
376,455,MILD,LO,0,1,1,0,1,1.5,1,1,0.5,0.5,0,0,0,0,0
377,456,MILD,ST,0,1,1,1,1,1.5,1,1,0.5,0.5,0,0,0,0,0
378,457,MILD,ST,0,1,1,1,1,1.5,1,1.5,0.5,0.5,0,0,0,0,0
379,458,COLD,ST,1,1,1,1,1,1.5,1,1,0.5,0.5,0,0,0,0,0
380,459,COLD,ST,1,1,1,1,1,1.5,1,1,0.5,0.5,0,0,0,0,0
381,460,COLD,ST,1,1,1,1,1,1.5,1,1,0.5,0.5,0,0,0,0,0
382,461,COLD,ST,1,1,1,1,1,1.5,1,1,0.5,0.5,0,0,0,0,0
383,462,COLD,ST,0,1,1,1,1,1.5,1,1,0.5,0.5,0,0,0,0,0
384,463,MILD,ST,1,1,1,1,1,1.5,1,1,0.5,0.5,0,0,0,0,0
385,464,COLD,ST,1,1,1,1,1,1.5,1,1,0.5,0.5,0,0,0,0,0
386,465,HOT,ST,1,1,1,1,1,1.5,1,1,0.5,0.5,0,0,0,0,0
387,466,HOT,ST,1,1,1,1,1,1.5,1,1,0.5,0.5,0,0,0,0,0
388,467,COLD,ST,1,1,1,1,1,1.5,1,1,0.5,0.5,0,0,0,0,0
389,468,HOT,ST,0,1,1,1,2,1.5,1,1,0.5,0.5,0,0,0,0,0
390,469,COLD,ST,1,1,1,1,1,1.5,1,1,0.5,0.5,0,0,0,0,0
391,470,COLD,ST,1,1,1,1,1,1.5,1,1,0.5,0.5,0,0,0,0,0
392,471,COLD,ST,0,1,1,1,1,1.5,1,1.5,0.5,0.5,0,0,0,0,0
393,472,MILD,ST,1,1,1,1,1,1.5,1,1,0.5,0.5,0,0,0,0,0
394,473,COLD,ST,1,1,1,1,1,1.5,1,1,0.5,0.5,0,0,0,0,0
395,474,COLD,ST,1,1,1,1,1,1.5,1,1,0.5,0.5,0,0,0,0,0
396,475,COLD,ST,0,1,1,1,1,1.5,1,1,0.5,0.5,0,0,0,0,0
397,476,COLD,LG,1,1,1,1,1,1.5,1,1,0.5,0.5,0,0,0,0,0
398,477,HOT,ST,0,1,1,1,3,1.5,1,0,0.5,0.5,0,0,0,0,0
399,478,COLD,ST,1,1,1,1,1,1.5,1,1,0.5,0.5,0,0,0,0,0
400,479,COLD,ST,1,1,1,1,1,1.5,1,1,0.5,0.5,0,0,0,0,0
401,480,COLD,ST,1,1,1,1,1,1.5,1,1,0.5,0.5,0,0,0,0,0
402,481,COLD,ST,1,1,1,1,1,1.5,1,1,0.5,0.5,0,0,0,0,0
403,482,COLD,ST,1,1,1,1,1,1.5,1,1,0.5,0.5,0,0,0,0,0
404,483,COLD,ST,1,1,1,1,1,1.5,1,1,0.5,0.5,0,0,0,0,0
405,484,COLD,ST,0,1,1,1,1,1.5,1,1.5,0.5,0.5,0,0,0,0,0
406,485,COLD,ST,1,1,1,1,1,1.5,1,1,0.5,0.5,0,0,0,0,0
407,486,COLD,ST,1,1,1,1,1,1.5,1,1,0.5,0.5,0,0,0,0,0
408,487,HOT,ST,1,1,1,1,1,1.5,1,1,0.5,0.5,0,0,0,0,0
409,488,HOT,ST,0,1,1,1,1,1.5,1,1.5,0.5,0.5,0,0,0,0,0
410,489,HOT,ST,1,1,1,1,1,1.5,1,1,0.5,0.5,0,0,0,0,0
411,490,HOT,ST,0,1,1,1,1,1.5,1,0.5,0.5,0.5,0,0,0,0,0
412,491,MILD,ST,1,1,1,1,1,1.5,1,1,0.5,0.5,0,0,0,0,0
413,492,MILD,ST,1,1,1,1,1,1.5,1,1,0.5,0.5,0,0,0,0,0
414,493,HOT,ST,1,1,1,1,1,1.5,1,1,0.5,0.5,0,0,0,0,0
415,494,MILD,LO,0,1,1,1,1,1,1,1,0.5,0.5,0,0,0,0,0
416,495,COLD,ST,1,1,1,1,1,1.5,1,1,0.5,0.5,0,0,0,0,0
417,496,COLD,ST,0,1,1,1,1,1.5,1,1.5,0.5,0.5,0,0,0,0,0
418,500,COLD,ST,1,1,1,1,1,1.5,1,1,0.5,0.5,0,0,0,0,0
419,501,COLD,ST,1,1,1,1,1,1.5,1,1,0.5,0.5,0,0,0,0,0
420,502,COLD,ST,0,1,1,1,1,1.5,1,1,0.5,0.5,0,0,0,0,0
421,503,COLD,ST,1,1,1,1,1,1.5,1,1,0.5,0.5,0,0,0,0,0
422,504,COLD,LG,1,1,1,1,1,1.5,1,1,0.5,0.5,0,0,0,0,0
423,505,COLD,ST,1,1,1,1,1,1.5,1,1,0.5,0.5,0,0,0,0,0
424,506,COLD,ST,1,1,1,1,1,1.5,1,1,0.5,0.5,0,0,0,0,0
425,507,HOT,ST,0,1,1,1,2,1.5,1,1,0.5,0.5,0,0,0,0,0
426,508,HOT,ST,0,1,1,1,2,1.5,1,1,0.5,0.5,0,0,0,0,0
427,509,HOT,SM,0,1,1,0.5,2,1,0.5,1,0.25,0.25,0,0,0,0,0
428,510,HOT,ST,0,1,1,1,2,1.5,1,0.5,0.5,0.5,0,0,0,0,0
429,511,HOT,ST,0,1,1,1,2,1.5,1,1,0.5,0.5,0,0,0,0,0
430,512,MILD,ST,1,1,1,1,1,1.5,1,1,0.5,0.5,0,0,0,0,0
431,513,MILD,ST,0,1,1,1,1,1.5,1,1,0.5,0.5,0,0,0,0,0
432,514,COLD,ST,0,1,1,1,1,1.5,1,1,0.5,0.5,0,0,0,0,0
433,515,HOT,ST,1,1,1,1,2,1.5,1,1,0.5,0.5,0,0,0,0,0
434,516,COLD,ST,1,1,1,1,1,1.5,1,1,0.5,0.5,0,0,0,0,0
435,517,HOT,ST,0,1,1,0,1,1.5,1,1,0.5,0.5,0,0,0,0,0
436,518,HOT,ST,0,1,1,1,1,1.5,1,1,0.5,0.5,0,0,0,0,0
437,519,COLD,ST,1,1,1,1,1,1.5,1,1,0.5,0.5,0,0,0,0,0
438,520,COLD,ST,1,1,1,1,1,1.5,1,1,0.5,0.5,0,0,0,0,0
439,521,SUPER HOT,ST,0,1,1,1,2,1.5,1,1,0.5,0.5,0,0,0,0,0
440,522,MILD,ST,1,1,1,1,1,1.5,1,1,0.5,0.5,0,0,0,0,0
441,523,MILD,LO,0,1,1,1,1,1,1,1,0.5,0.5,0,0,0,0,0
442,524,MILD,ST,0,1,1,1,1,1.5,1,1,0.5,0.5,0,0,0,0,0
443,525,MILD,ST,0,1,1,1,1,1.5,1,1.5,0.5,0.5,0,0,0,0,0
444,526,HOT,ST,0,1,1,1,2,1.5,1,1,0.5,0.5,0,0,0,0,0
445,527,SUPER HOT,ST,0,1,1,1,2,1.5,1,1,0.5,0.5,0,0,0,0,0
446,528,COLD,LG,1,1,1,1,1,1.5,1,1.5,0.5,0.5,0,0,0,0,0
447,529,COLD,ST,1,1,1,1,1,1.5,1,1,0.5,0.5,0,0,0,0,0
448,530,COLD,ST,1,1,1,1,1,1.5,1,1,0.5,0.5,0,0,0,0,0
449,531,COLD,SM,0,1,1,1,1,1,0.5,1,0.5,0.5,0,0,0,0,0
450,532,COLD,ST,1,1,1,1,1,1.5,1,1,0.5,0.5,0,0,0,0,0
451,533,COLD,ST,1,1,1,1,1,1.5,1,1,0.5,0.5,0,0,0,0,0
452,534,COLD,ST,1,1,1,1,1,1.5,1,1,0.5,0.5,0,0,0,0,0
453,535,COLD,ST,1,1,1,1,1,1.5,1,1,0.5,0.5,0,0,0,0,0
454,536,COLD,ST,1,1,1,1,1,1.5,1,1,0.5,0.5,0,0,0,0,0
455,537,COLD,ST,1,1,1,1,1,1.5,1,1,0.5,0.5,0,0,0,0,0
456,538,COLD,ST,1,1,1,1,1,1.5,1,1,0.5,0.5,0,0,0,0,0
457,539,COLD,LG,1,1,1,1,1,1.5,1,1,0.5,0.5,0,0,0,0,0
458,540,COLD,SM,1,1,1,1,1,1,0.5,1,0.25,0.25,0,0,0,0,0
459,541,COLD,LG,1,1,1,1,1,1.5,1,1,0.5,0.5,0,0,0,0,0
460,542,COLD,ST,1,1,1,1,1,1.5,1,1,0.5,0.5,0,0,0,0,0
461,543,COLD,LG,1,1,1,1,1,1.5,1,1,0.5,0.5,0,0,0,0,0
462,544,SUPER HOT,ST,0,1,1,1,2,1.5,1,1,0.5,0.5,0,0,0,0,0
463,545,SUPER HOT,ST,0,1,1,1,2,1.5,1,1,0.5,0.5,0,0,0,0,0
464,546,COLD,ST,1,1,1,1,1,1.5,1,1,0.5,0.5,0,0,0,0,0
465,547,COLD,ST,0,1,1,1,1,1.5,1,1,0.5,0.5,0,0,0,0,0
466,548,HOT,LO,0,1,1,1,3,1,0.5,0,0.5,0.5,0,0,0,0,0
467,549,SUPER HOT,ST,0,1,1,1,2,1.5,1,1,0.5,0.5,0,0,0,0,0
468,550,SUPER HOT,ST,0,1,1,1,3,1.5,1,1,0.5,0.5,0,0,0,0,0
469,551,COLD,ST,1,1,1,1,1,1.5,1,1,0.5,0.5,0,0,0,0,0
470,552,SUPER HOT,LG,1,1,1,1,3,1.5,1,1,0.5,0.5,0,0,0,0,0
471,553,SUPER HOT,ST,0,1,1,1,2,1.5,1,1,0.5,0.5,0,0,0,0,0
472,554,SUPER HOT,ST,0,1,1,1,3,1.5,1,1,0.5,0.5,0,0,0,0,0
473,555,SUPER HOT,ST,0,1,1,1,3,1.5,1,1,0.5,0.5,0,0,0,0,0
474,556,SUPER HOT,SM,0,1,1,0,2,1,1,1,0.5,0.5,0,0,0,0,0
475,557,SUPER HOT,LO,0,1,1,1,2,1,0.5,1,0.25,0.25,0,0,0,0,0
476,558,COLD,ST,1,1,1,1,1,1.5,1,1,0.5,0.5,0,0,0,0,0
477,559,HOT,ST,0,1,1,1,1,1.5,1,1.5,0.5,0.5,0,0,0,0,0
478,560,MILD,ST,0,1,1,1,1,1.5,1,1.5,0.5,0.5,0,0,0,0,0
479,562,HOT,ST,0,1,1,1,1,1.5,1,1,0.5,0.5,0,0,0,0,0
480,563,HOT,ST,0,1,1,1,1,1.5,1,1,0.5,0.5,0,0,0,0,0
481,564,COLD,SM,0,1,1,0,1,1.5,1,1,0.5,0.5,0,0,0,0,0
482,565,COLD,SM,1,1,1,0,1,1,0.5,1,0.5,0.5,0,0,0,0,0
483,567,COLD,SM,1,1,1,0.5,1,1,0.5,1,0.25,0.25,0,0,0,0,0
484,568,HOT,SM,0,1,1,0,1,1.5,1,1,0.5,0.5,0,0,0,0,0
485,569,COLD,ST,0,1,1,1,1,1.5,1,1,0.5,0.5,0,0,0,0,0
486,570,COLD,SM,1,1,1,0.5,1,1,0.5,1,0.25,0.25,0,0,0,0,0
487,571,COLD,ST,1,1,1,1,1,1.5,1,1,0.5,0.5,0,0,0,0,0
488,574,COLD,LG,1,1,1,1,1,1.5,1,1,0.5,0.5,0,0,0,0,0
489,575,COLD,ST,1,1,1,1,1,1.5,1,1,0.5,0.5,0,0,0,0,0
490,576,COLD,ST,1,1,1,1,1,1.5,1,1,0.5,0.5,0,0,0,0,0
491,577,COLD,ST,1,1,1,1,1,1.5,1,1,0.5,0.5,0,0,0,0,0
492,579,COLD,ST,1,1,1,1,1,1.5,1,1,0.5,0.5,0,0,0,0,0
493,580,COLD,ST,1,1,1,1,1,1.5,1,1,0.5,0.5,0,0,0,0,0
494,581,COLD,ST,1,1,1,1,1,1.5,1,1,0.5,0.5,0,0,0,0,0
495,583,HOT,ST,0,1,1,1,3,1.5,1,0,0.5,0.5,0,0,0,0,0
496,584,COLD,ST,1,1,1,1,1,1.5,1,1,0.5,0.5,0,0,0,0,0
497,585,HOT,ST,0,1,1,1,3,1.5,1,0,0.5,0.5,0,0,0,0,0
498,586,COLD,ST,0,1,1,1,1,1.5,1,1,0.5,0.5,0,0,0,0,0
499,587,COLD,ST,1,1,1,1,1,1.5,1,1,0.5,0.5,0,0,0,0,0
500,588,HOT,ST,0,1,1,1,2,1.5,1,1,0.5,0.5,0,0,0,0,0
501,589,HOT,ST,0,1,1,1,3,1.5,1,0,0.5,0.5,0,0,0,0,0
502,590,HOT,ST,0,1,1,1,3,1.5,1,0,0.5,0.5,0,0,0,0,0
503,591,HOT,ST,0,1,1,1,3,1.5,1,0,0.5,0.5,0,0,0,0,0
504,592,HOT,ST,0,1,1,1,3,1.5,1,0,0.5,0.5,0,0,0,0,0
505,593,HOT,ST,0,1,1,1,3,1.5,1,0,0.5,0.5,0,0,0,0,0
506,595,HOT,ST,0,1,1,1,3,1.5,1,0,0.5,0.5,0,0,0,0,0
507,596,HOT,ST,0,1,1,1,3,1.5,1,0,0.5,0.5,0,0,0,0,0
508,598,HOT,ST,0,1,1,1,3,1.5,1,0,0.5,0.5,0,0,0,0,0
509,599,HOT,LO,0,1,1,1,3,1,0.5,0,0.5,0.5,0,0,0,0,0
510,600,HOT,SM,0,1,1,0,3,1,1,0,0.5,0.5,0,0,0,0,0
511,601,HOT,ST,0,1,1,1,3,1.5,1,0,0.5,0.5,0,0,0,0,0
512,602,HOT,ST,0,1,1,1,3,1.5,1,0,0.5,0.5,0,0,0,0,0
513,603,HOT,ST,0,1,1,1,3,1.5,1,0,0.5,0.5,0,0,0,0,0
514,604,HOT,ST,0,1,1,1,3,1.5,1,0,0.5,0.5,0,0,0,0,0
515,605,HOT,ST,0,1,1,1,3,1.5,1,0,0.5,0.5,0,0,0,0,0
516,606,HOT,ST,0,1,1,1,3,1.5,1,0,0.5,0.5,0,0,0,0,0
517,607,HOT,ST,0,1,1,1,3,1.5,1,0,0.5,0.5,0,0,0,0,0
518,608,HOT,ST,0,1,1,1,3,1.5,1,0,0.5,0.5,0,0,0,0,0
519,609,COLD,ST,0,1,1,1,1,1.5,1,1.5,0.5,0.5,0,0,0,0,0
520,610,COLD,ST,1,1,1,1,1,1.5,1,1,0.5,0.5,0,0,0,0,0
521,611,COLD,ST,0,1,1,1,1,1.5,1,1,0.5,0.5,0,0,0,0,0
522,612,HOT,ST,0,1,1,1,1,1.5,1,1,0.5,0.5,0,0,0,0,0
523,613,SUPER HOT,ST,0,1,1,1,3,1.5,1,1,0.5,0.5,0,0,0,0,0
524,614,SUPER HOT,ST,0,1,1,1,3,1.5,1,1,0.5,0.5,0,0,0,0,0
525,615,SUPER HOT,ST,0,1,1,1,3,1.5,1,1,0.5,0.5,0,0,0,0,0
526,616,COLD,ST,1,1,1,1,1,1.5,1,0.5,0.5,0.5,0,0,0,0,0
527,618,HOT,ST,0,1,1,1,3,1.5,1,0,0.5,0.5,0,0,0,0,0
528,619,SUPER HOT,ST,0,1,1,1,3,1.5,1,1,0.5,0.5,0,0,0,0,0
529,620,SUPER HOT,ST,0,1,1,1,2,1.5,1,1,0.5,0.5,0,0,0,0,0
530,621,SUPER HOT,ST,0,1,1,1,3,1.5,1,1,0.5,0.5,0,0,0,0,0
531,622,SUPER HOT,ST,0,1,1,1,3,1.5,1,1,0.5,0.5,0,0,0,0,0
532,623,COLD,ST,1,1,1,1,1,1.5,1,1,0.5,0.5,0,0,0,0,0
533,624,COLD,ST,1,1,1,1,1,1.5,1,1,0.5,0.5,0,0,0,0,0
534,625,COLD,ST,1,1,1,1,1,1.5,1,1,0.5,0.5,0,0,0,0,0
535,626,COLD,ST,1,1,1,1,1,1.5,1,1,0.5,0.5,0,0,0,0,0
536,627,COLD,ST,1,1,1,1,1,1.5,1,1,0.5,0.5,0,0,0,0,0
537,630,HOT,ST,0,1,1,1,3,1.5,1,0,0.5,0.5,0,0,0,0,0
538,631,HOT,ST,0,1,1,1,3,1.5,1,0,0.5,0.5,0,0,0,0,0
539,632,HOT,ST,0,1,1,1,3,1.5,1,0,0.5,0.5,0,0,0,0,0
540,633,HOT,ST,0,1,1,1,3,1.5,1,0,0.5,0.5,0,0,0,0,0
541,634,COLD,ST,1,1,1,1,1,1.5,1,1,0.5,0.5,0,0,0,0,0
542,636,HOT,ST,0,1,1,1,3,1.5,1,0,0.5,0.5,0,0,0,0,0
543,638,SUPER HOT,LO,0,1,1,0.5,3,1,0.5,1,0.25,0.25,0,0,0,0,0
544,639,COLD,ST,1,1,1,1,1,1.5,1,1,0.5,0.5,0,0,0,0,0
545,640,COLD,ST,1,1,1,1,1,1.5,1,1,0.5,0.5,0,0,0,0,0
546,641,MILD,ST,1,1,1,1,1,1.5,1,1,0.5,0.5,0,0,0,0,0
547,642,HOT,ST,0,1,1,1,2,1.5,1,1,0.5,0.5,0,0,0,0,0
548,643,HOT,ST,0,1,1,1,2,1.5,1,1,0.5,0.5,0,0,0,0,0
549,644,HOT,ST,0,1,1,1,2,1.5,1,0.5,0.5,0.5,0,0,0,0,0
550,645,MILD,ST,0,1,1,1,1,1.5,1,1,0.5,0.5,0,0,0,0,0
551,646,COLD,ST,0,1,1,1,1,1.5,1,1.5,0.5,0.5,0,0,0,0,0
552,647,COLD,ST,1,1,1,1,1,1.5,1,1,0.5,0.5,0,0,0,0,0
553,648,COLD,ST,1,1,1,1,1,1.5,1,1,0.5,0.5,0,0,0,0,0
554,649,HOT,LO,0,1,1,1,1,1.5,1,1,0.5,0.5,0,0,0,0,0
555,650,MILD,ST,0,1,1,1,1,1.5,1,1,0.5,0.5,0,0,0,0,0
556,652,SUPER HOT,ST,0,1,1,1,3,1.5,1,1,0.5,0.5,0,0,0,0,0
557,653,SUPER HOT,LO,0,1,1,0.5,3,1,0.5,1,0.25,0.25,0,0,0,0,0
558,654,HOT,ST,0,1,1,1,3,1.5,1,0,0.5,0.5,0,0,0,0,0
559,655,COLD,ST,1,1,1,1,1,1.5,1,1,0.5,0.5,0,0,0,0,0
560,656,MILD,ST,0,1,1,1,1,1.5,1,1,0.5,0.5,0,0,0,0,0
561,657,HOT,ST,0,1,1,1,1,1.5,1,1,0.5,0.5,0,0,0,0,0
562,658,HOT,SM,0,1,1,1,1,1,0.5,1,0.5,0.5,0,0,0,0,0
563,659,MILD,LO,0,1,1,0,1,1.5,1,1,0.5,0.5,0,0,0,0,0
564,660,SUPER HOT,ST,0,1,1,1,3,1.5,1,1,0.5,0.5,0,0,0,0,0
565,661,COLD,ST,1,1,1,1,1,1.5,1,1,0.5,0.5,0,0,0,0,0
566,662,COLD,ST,1,1,1,1,1,1.5,1,1,0.5,0.5,0,0,0,0,0
567,663,HOT,ST,0,1,1,1,3,1.5,1,0,0.5,0.5,0,0,0,0,0
568,664,COLD,ST,1,1,1,1,1,1.5,1,1,0.5,0.5,0,0,0,0,0
569,665,MILD,ST,1,1,1,1,1,1.5,1,1,0.5,0.5,0,0,0,0,0
570,667,HOT,ST,0,1,1,1,3,1.5,1,0,0.5,0.5,0,0,0,0,0
571,668,HOT,ST,0,1,1,1,3,1.5,1,0,0.5,0.5,0,0,0,0,0
572,669,HOT,ST,0,1,1,1,3,1.5,1,0,0.5,0.5,0,0,0,0,0
573,671,MILD,ST,1,1,1,1,1,1.5,1,1,0.5,0.5,0,0,0,0,0
574,672,MILD,ST,1,1,1,1,1,1.5,1,1,0.5,0.5,0,0,0,0,0
575,673,HOT,ST,0,1,1,1,1,1.5,1,1,0.5,0.5,0,0,0,0,0
576,674,COLD,ST,1,1,1,1,1,1.5,1,1,0.5,0.5,0,0,0,0,0
577,675,HOT,LO,0,1,1,1,3,1,0.5,0,0.5,0.5,0,0,0,0,0
578,677,SUPER HOT,ST,0,1,1,1,3,1.5,1,0,0.5,0.5,0,0,0,0,0
579,678,COLD,ST,1,1,1,1,1,1.5,1,1,0.5,0.5,0,0,0,0,0
580,679,COLD,ST,0,1,1,1,1,1.5,1,1,0.5,0.5,0,0,0,0,0
581,680,HOT,ST,0,1,1,1,3,1.5,1,0,0.5,0.5,0,0,0,0,0
582,681,COLD,ST,1,1,1,1,1,1.5,1,1,0.5,0.5,0,0,0,0,0
583,682,COLD,SM,0,1,1,0,1,1.5,1,1,0.5,0.5,0,0,0,0,0
584,683,HOT,ST,0,1,1,1,3,1.5,1,0,0.5,0.5,0,0,0,0,0
585,685,SUPER HOT,LO,0,1,1,0.5,3,1,0.5,1,0.25,0.25,0,0,0,0,0
586,686,SUPER HOT,ST,0,1,1,1,3,1.5,1,1,0.5,0.5,0,0,0,0,0
587,687,COLD,LO,0,1,1,1,1,1,1,1,0.5,0.5,0,0,0,0,0
588,688,SUPER HOT,SM,0,1,1,1,2,1,0.5,1,0.25,0.25,0,0,0,0,0
589,689,COLD,ST,1,1,1,1,1,1.5,1,1,0.5,0.5,0,0,0,0,0
590,690,COLD,ST,1,1,1,1,1,1.5,1,1,0.5,0.5,0,0,0,0,0
591,691,COLD,ST,1,1,1,1,1,1.5,1,1,0.5,0.5,0,0,0,0,0
592,692,COLD,ST,1,1,1,1,1,1.5,1,1,0.5,0.5,0,0,0,0,0
593,693,COLD,ST,1,1,1,1,1,1.5,1,1,0.5,0.5,0,0,0,0,0
594,694,COLD,ST,1,1,1,1,1,1.5,1,1,0.5,0.5,0,0,0,0,0
595,695,HOT,ST,0,1,1,1,3,1.5,1,0,0.5,0.5,0,0,0,0,0
596,696,HOT,SM,0,1,1,0,1,1.5,1,1,0.5,0.5,0,0,0,0,0
597,697,HOT,ST,0,1,1,1,1,1.5,1,1.5,0.5,0.5,0,0,0,0,0
598,698,HOT,ST,0,1,1,1,1,1.5,1,1,0.5,0.5,0,0,0,0,0
599,699,MILD,ST,1,1,1,1,1,1.5,1,1,0.5,0.5,0,0,0,0,0
600,700,HOT,ST,0,1,1,1,3,1.5,1,0,0.5,0.5,0,0,0,0,0
601,701,HOT,ST,0,1,1,1,3,1.5,1,0,0.5,0.5,0,0,0,0,0
602,702,HOT,ST,0,1,1,1,3,1.5,1,0,0.5,0.5,0,0,0,0,0
603,703,COLD,ST,1,1,1,1,1,1.5,1,1,0.5,0.5,0,0,0,0,0
604,704,COLD,ST,1,1,1,1,1,1.5,1,1,0.5,0.5,0,0,0,0,0
605,705,HOT,LO,0,1,1,0,2,1.5,1,0,0.5,0.5,0,0,0,0,0
606,706,HOT,ST,1,1,1,1,1,1.5,1,1,0.5,0.5,0,0,0,0,0
607,707,HOT,ST,0,1,1,1,3,1.5,1,0,0.5,0.5,0,0,0,0,0
608,708,HOT,ST,0,1,1,1,3,1.5,1,0,0.5,0.5,0,0,0,0,0
609,709,HOT,ST,0,1,1,1,3,1.5,1,0,0.5,0.5,0,0,0,0,0
610,710,HOT,ST,0,1,1,1,3,1.5,1,0,0.5,0.5,0,0,0,0,0
611,711,COLD,ST,1,1,1,1,1,1.5,1,1,0.5,0.5,0,0,0,0,0
612,712,COLD,ST,1,1,1,1,1,1.5,1,1,0.5,0.5,0,0,0,0,0
613,713,HOT,ST,0,1,1,1,3,1.5,1,0,0.5,0.5,0,0,0,0,0
614,714,HOT,SM,0,1,1,1,2,1,0.5,0,0.5,0.5,0,0,0,0,0
615,715,HOT,ST,0,1,1,1,3,1.5,1,0,0.5,0.5,0,0,0,0,0
616,716,COLD,ST,1,1,1,1,1,1.5,1,1,0.5,0.5,0,0,0,0,0
617,717,HOT,ST,0,1,1,1,1,1.5,1,1,0.5,0.5,0,0,0,0,0
618,718,HOT,LO,0,1,1,1,1,1.5,1,1,0.5,0.5,0,0,0,0,0
619,719,HOT,ST,0,1,1,1,1,1.5,1,1,0.5,0.5,0,0,0,0,0
620,720,HOT,ST,1,1,1,1,1,1.5,1,1,0.5,0.5,0,0,0,0,0
621,721,HOT,ST,1,1,1,1,1,1.5,1,1,0.5,0.5,0,0,0,0,0
622,722,COLD,ST,1,1,1,1,1,1.5,1,1,0.5,0.5,0,0,0,0,0
623,723,COLD,ST,1,1,1,1,1,1.5,1,1,0.5,0.5,0,0,0,0,0
624,724,HOT,ST,0,1,1,1,3,1.5,1,0,0.5,0.5,0,0,0,0,0
625,725,COLD,ST,1,1,1,1,1,1.5,1,0.5,0.5,0.5,0,0,0,0,0
626,726,HOT,ST,0,1,1,1,3,1.5,1,0,0.5,0.5,0,0,0,0,0
627,727,COLD,ST,1,1,1,1,1,1.5,1,1,0.5,0.5,0,0,0,0,0
628,728,COLD,ST,1,1,1,1,1,1.5,1,1,0.5,0.5,0,0,0,0,0
629,729,COLD,ST,1,1,1,1,1,1.5,1,1,0.5,0.5,0,0,0,0,0
630,730,COLD,ST,1,1,1,1,1,1.5,1,1,0.5,0.5,0,0,0,0,0
631,731,COLD,ST,0,1,1,1,1,1.5,1,1,0.5,0.5,0,0,0,0,0
632,732,COLD,ST,1,1,1,1,1,1.5,1,1,0.5,0.5,0,0,0,0,0
633,733,COLD,ST,1,1,1,1,1,1.5,1,1,0.5,0.5,0,0,0,0,0
634,734,COLD,ST,1,1,1,1,1,1.5,1,1,0.5,0.5,0,0,0,0,0
635,735,MILD,ST,0,1,1,1,1,1.5,1,1.5,0.5,0.5,0,0,0,0,0
636,736,MILD,ST,0,1,1,1,1,1.5,1,1.5,0.5,0.5,0,0,0,0,0
637,737,MILD,ST,0,1,1,1,3,1.5,1,0,0.5,0.5,0,0,0,0,0
638,738,COLD,ST,1,1,1,1,1,1.5,1,1,0.5,0.5,0,0,0,0,0
639,739,COLD,LO,1,1,1,1,1,1,0.5,1,0.5,0.5,0,0,0,0,0
640,740,COLD,ST,1,1,1,1,1,1.5,1,1,0.5,0.5,0,0,0,0,0
641,741,COLD,ST,1,1,1,1,1,1.5,1,1,0.5,0.5,0,0,0,0,0
642,742,MILD,ST,0,1,1,1,1,1.5,1,1,0.5,0.5,0,0,0,0,0
643,743,COLD,ST,1,1,1,1,1,1.5,1,1,0.5,0.5,0,0,0,0,0
644,744,COLD,ST,1,1,1,1,1,1.5,1,1,0.5,0.5,0,0,0,0,0
645,745,COLD,ST,1,1,1,0,1,1.5,1,1.5,0.5,0.5,0,0,0,0,0
646,746,HOT,ST,1,1,1,1,1,1.5,1,1,0.5,0.5,0,0,0,0,0
647,747,HOT,ST,0,1,1,1,1,1.5,1,1,0.5,0.5,0,0,0,0,0
648,748,HOT,ST,1,1,1,1,1,1.5,1,1,0.5,0.5,0,0,0,0,0
649,749,SUPER HOT,LO,0,1,1,1,2,1,0.5,1,0.5,0.5,0,0,0,0,0
650,752,HOT,ST,0,1,1,1,3,1.5,1,0,0.5,0.5,0,0,0,0,0
651,753,HOT,ST,0,1,1,1,3,1.5,1,0,0.5,0.5,0,0,0,0,0
652,755,HOT,ST,0,1,1,1,3,1.5,1,0,0.5,0.5,0,0,0,0,0
653,756,HOT,ST,0,1,1,1,3,1.5,1,0,0.5,0.5,0,0,0,0,0
654,757,HOT,ST,0,1,1,0,3,1.5,1,0,0.5,0.5,0,0,0,0,0
655,758,MILD,ST,0,1,1,1,3,1.5,1,0,0.5,0.5,0,0,0,0,0
656,759,MILD,SM,0,1,1,0,2,1.5,1,0,0.5,0.5,0,0,0,0,0
657,760,MILD,ST,0,1,1,1,3,1.5,1,0,0.5,0.5,0,0,0,0,0
658,761,MILD,ST,0,1,1,1,3,1.5,1,0,0.5,0.5,0,0,0,0,0
659,762,MILD,LO,0,1,1,0,2,1.5,1,0,0.5,0.5,0,0,0,0,0
660,763,MILD,ST,0,1,1,1,3,1.5,1,0,0.5,0.5,0,0,0,0,0
661,765,COLD,ST,1,1,1,1,1,1.5,1,1,0.5,0.5,0,0,0,0,0
662,766,COLD,ST,1,1,1,1,1,1.5,1,1,0.5,0.5,0,0,0,0,0
663,767,COLD,ST,1,1,1,1,1,1.5,1,1,0.5,0.5,0,0,0,0,0
664,768,HOT,ST,0,1,1,1,1,1.5,1,1,0.5,0.5,0,0,0,0,0
665,769,COLD,LG,1,1,1,1,1,1.5,1,1,0.5,0.5,0,0,0,0,0
666,770,COLD,ST,1,1,1,1,1,1.5,1,1,0.5,0.5,0,0,0,0,0
667,771,COLD,ST,1,1,1,1,1,1.5,1,1,0.5,0.5,0,0,0,0,0
668,772,COLD,ST,1,1,1,1,1,1.5,1,1,0.5,0.5,0,0,0,0,0
669,773,HOT,LO,0,1,1,1,2,1,0.5,1,0.25,0.25,0,0,0,0,0
670,774,MILD,ST,0,1,1,1,1,1.5,1,1.5,0.5,0.5,0,0,0,0,0
671,775,MILD,ST,0,1,1,1,1,1.5,1,1,0.5,0.5,0,0,0,0,0
672,776,MILD,ST,0,1,1,1,1,1.5,1,1,0.5,0.5,0,0,0,0,0
673,777,MILD,ST,0,1,1,1,1,1.5,1,1,0.5,0.5,0,0,0,0,0
674,778,MILD,ST,0,1,1,1,1,1.5,1,1.5,0.5,0.5,0,0,0,0,0
675,779,COLD,ST,1,1,1,1,1,1.5,1,1,0.5,0.5,0,0,0,0,0
676,780,COLD,ST,1,1,1,1,1,1.5,1,1,0.5,0.5,0,0,0,0,0
677,781,COLD,LG,1,1,1,1,1,1.5,1,1,0.5,0.5,0,0,0,0,0
678,782,COLD,ST,1,1,1,1,1,1.5,1,0.5,0.5,0.5,0,0,0,0,0
679,783,HOT,ST,0,1,1,1,2,1.5,1,1,0.5,0.5,0,0,0,0,0
680,784,HOT,SM,0,1,1,1,1,1,0.5,1,0.5,0.5,0,0,0,0,0
681,785,HOT,ST,0,1,1,1,1,1.5,1,1,0.5,0.5,0,0,0,0,0
682,786,SUPER HOT,ST,0,1,1,1,3,1.5,1,1,0.5,0.5,0,0,0,0,0
683,787,SUPER HOT,ST,0,1,1,1,2,1.5,1,1,0.5,0.5,0,0,0,0,0
684,788,SUPER HOT,ST,0,1,1,1,3,1.5,1,0.5,0.5,0.5,0,0,0,0,0
685,789,HOT,LO,0,1,1,1,1,1,1,1,0.5,0.5,0,0,0,0,0
686,790,HOT,ST,0,1,1,1,2,1.5,1,0,0.5,0.5,0,0,0,0,0
687,795,HOT,ST,0,1,1,1,1,1.5,1,1,0.5,0.5,0,0,0,0,0
688,796,SUPER HOT,LO,0,1,1,1,2,1,0.5,1,0.25,0.25,0,0,0,0,0
689,797,HOT,ST,0,1,1,1,2,1.5,1,0.5,0.5,0.5,0,0,0,0,0
690,798,SUPER HOT,LO,0,1,1,1,2,1.5,1,0,0.5,0.5,0,0,0,0,0
691,799,SUPER HOT,LO,0,1,1,1,3,1,1,0,0.5,0.5,0,0,0,0,0
692,951,SUPER HOT,ST,0,1,1,1,2,1.5,1,0,0.5,0.5,0,0,0,0,0
693,952,SUPER HOT,LO,0,1,1,1,3,1,1,0,0.5,0.5,0,0,0,0,0
694,953,SUPER HOT,ST,0,1,1,1,3,1.5,1,0,0.5,0.5,0,0,0,0,0
695,954,SUPER HOT,LO,0,1,1,1,2,1.5,1,0,0.5,0.5,0,0,0,0,0
696,955,SUPER HOT,ST,0,1,1,1,3,1.5,1,0,0.5,0.5,0,0,0,0,0
697,956,COLD,ST,1,1,1,1,1,1.5,1,1,0.5,0.5,0,0,0,0,0
698,957,COLD,ST,1,1,1,1,1,1.5,1,1,0.5,0.5,0,0,0,0,0
699,958,HOT,ST,0,1,1,1,3,1.5,1,0,0.5,0.5,0,0,0,0,0
700,960,HOT,ST,0,1,1,1,3,1.5,1,0,0.5,0.5,0,0,0,0,0
701,962,COLD,ST,1,1,1,1,1,1.5,1,1,0.5,0.5,0,0,0,0,0
702,963,COLD,ST,1,1,1,1,1,1.5,1,0.5,0.5,0.5,0,0,0,0,0
703,964,COLD,ST,1,1,1,1,1,1.5,1,1,0.5,0.5,0,0,0,0,0
704,967,COLD,ST,0,1,1,1,1,1.5,1,1,0.5,0.5,0,0,0,0,0
705,968,COLD,LO,0,1,1,1,1,1.5,1,1,0.5,0.5,0,0,0,0,0
706,969,COLD,ST,1,1,1,1,1,1.5,1,1,0.5,0.5,0,0,0,0,0
707,970,COLD,ST,1,1,1,1,1,1.5,1,1,0.5,0.5,0,0,0,0,0
708,971,COLD,ST,1,1,1,1,1,1.5,1,1,0.5,0.5,0,0,0,0,0
709,973,COLD,ST,1,1,1,1,1,1.5,1,1,0.5,0.5,0,0,0,0,0
710,974,MILD,ST,0,1,1,1,3,1.5,1,0,0.5,0.5,0,0,0,0,0
711,975,MILD,ST,0,1,1,1,3,1.5,1,0,0.5,0.5,0,0,0,0,0
712,976,HOT,ST,0,1,1,0,3,1.5,1,0,0.5,0.5,0,0,0,0,0
713,977,MILD,ST,0,1,1,1,3,1.5,1,0,0.5,0.5,0,0,0,0,0
714,978,MILD,ST,0,1,1,1,3,1.5,1,0,0.5,0.5,0,0,0,0,0
715,980,MILD,ST,0,1,1,1,3,1.5,1,0,0.5,0.5,0,0,0,0,0
716,981,MILD,ST,0,1,1,1,2,1.5,1,0,0.5,0.5,0,0,0,0,0
717,982,COLD,ST,1,1,1,1,1,1.5,1,1,0.5,0.5,0,0,0,0,0
718,983,MILD,ST,0,1,1,1,3,1.5,1,0,0.5,0.5,0,0,0,0,0
719,985,COLD,ST,1,1,1,1,1,1.5,1,1,0.5,0.5,0,0,0,0,0
720,986,COLD,LO,1,1,1,1,1,1,1,1,0.5,0.5,0,0,0,0,0
721,987,MILD,ST,0,1,1,1,1,1.5,1,1.5,0.5,0.5,0,0,0,0,0
722,988,COLD,LO,1,1,1,1,1,1,0.5,1,0.5,0.5,0,0,0,0,0
723,989,COLD,ST,1,1,1,1,1,1.5,1,1,0.5,0.5,0,0,0,0,0
724,990,COLD,ST,0,1,1,1,1,1.5,1,1,0.5,0.5,0,0,0,0,0
725,991,COLD,ST,1,1,1,1,1,1.5,1,1,0.5,0.5,0,0,0,0,0
726,992,HOT,SM,0,1,1,0,1,1.5,1,1,0.5,0.5,0,0,0,0,0
727,993,HOT,SM,0,1,1,0,1,1.5,1,1,0.5,0.5,0,0,0,0,0
728,994,MILD,ST,0,1,1,1,2,1.5,1,0,0.5,0.5,0,0,0,0,0
729,995,COLD,SM,0,1,1,0,1,1.5,1,1,0.5,0.5,0,0,0,0,0
730,996,MILD,ST,0,1,1,1,1,1.5,1,1,0.5,0.5,0,0,0,0,0
731,997,COLD,ST,1,1,1,1,1,1.5,1,1,0.5,0.5,0,0,0,0,0
732,998,COLD,SM,1,1,1,0.5,1,1,0.5,1,0.25,0.25,0,0,0,0,0
733,1002,MILD,ST,0,1,1,1,2,1.5,1,0,0.5,0.5,0,0,0,0,0
734,1003,MILD,LO,0,1,1,1,3,1,0.5,0,0.5,0.5,0,0,0,0,0
735,1004,MILD,ST,0,1,1,1,2,1.5,1,0,0.5,0.5,0,0,0,0,0
736,1005,MILD,ST,1,1,1,1,1,1.5,1,1,0.5,0.5,0,0,0,0,0
737,1006,MILD,ST,0,1,1,1,3,1.5,1,0,0.5,0.5,0,0,0,0,0
738,1007,MILD,SM,0,1,1,0,3,1,1,0,0.5,0.5,0,0,0,0,0
739,1008,COLD,SM,0,1,1,1,1,1,0.5,1,0.5,0.5,0,0,0,0,0
740,1009,HOT,ST,0,1,1,1,1,1.5,1,1,0.5,0.5,0,0,0,0,0
741,1010,MILD,ST,1,1,1,1,1,1.5,1,1,0.5,0.5,0,0,0,0,0
742,1011,MILD,SM,0,1,1,0,2,1.5,1,0,0.5,0.5,0,0,0,0,0
743,1012,MILD,SM,0,1,1,1,1,1,0.5,1,0.5,0.5,0,0,0,0,0
744,1013,SUPER HOT,ST,0,1,1,1,3,1.5,1,0,0.5,0.5,0,0,0,0,0
745,1014,HOT,ST,0,1,1,1,1,1.5,1,1.5,0.5,0.5,0,0,0,0,0
746,1015,SUPER HOT,ST,0,1,1,1,1,1.5,1,0,0.5,0.5,0,0,0,0,0
747,1016,HOT,LO,0,1,1,1,2,1,0.5,1,0.25,0.25,0,0,0,0,0
748,1017,MILD,ST,0,1,1,1,3,1.5,1,0,0.5,0.5,0,0,0,0,0
749,1018,MILD,ST,0,1,1,1,3,1.5,1,0,0.5,0.5,0,0,0,0,0
750,1019,MILD,ST,0,1,1,1,1,1.5,1,1.5,0.5,0.5,0,0,0,0,0
751,1020,HOT,SM,0,1,1,0,3,1,1,0,0.5,0.5,0,0,0,0,0
752,1021,COLD,LO,1,1,1,1,1,1,0.5,1,0.5,0.5,0,0,0,0,0
753,1022,COLD,SM,1,1,1,0,1,1,0.5,1,0.5,0.5,0,0,0,0,0
754,1023,SUPER HOT,LO,0,1,1,1,2,1,0.5,1,0.25,0.25,0,0,0,0,0
755,1024,COLD,SM,1,1,1,0.5,1,1,0.5,1,0.25,0.25,0,0,0,0,0
756,1025,SUPER HOT,ST,0,1,1,1,2,1.5,1,0,0.5,0.5,0,0,0,0,0
757,1026,SUPER HOT,ST,0,1,1,1,2,1.5,1,0,0.5,0.5,0,0,0,0,0
758,1027,HOT,SM,0,1,1,0,1,1.5,1,1,0.5,0.5,0,0,0,0,0
759,1028,SUPER HOT,LO,0,1,1,1,2,1,0.5,1,0.5,0.5,0,0,0,0,0
760,1029,HOT,SM,0,1,1,1,1,1,0.5,1,0.5,0.5,0,0,0,0,0
761,1030,HOT,SM,0,1,1,0,1,1.5,1,1,0.5,0.5,0,0,0,0,0
762,1031,HOT,ST,0,1,1,1,3,1.5,1,0,0.5,0.5,0,0,0,0,0
763,1032,HOT,ST,0,1,1,1,3,1.5,1,0,0.5,0.5,0,0,0,0,0
764,1033,HOT,SM,0,1,1,0,1,1.5,1,1,0.5,0.5,0,0,0,0,0
765,1034,COLD,ST,1,1,1,1,1,1.5,1,1,0.5,0.5,0,0,0,0,0
766,1035,COLD,ST,1,1,1,1,1,1.5,1,0.5,0.5,0.5,0,0,0,0,0
767,1036,SUPER HOT,LO,0,1,1,1,2,1,0.5,1,0.5,0.5,0,0,0,0,0
768,1037,SUPER HOT,LO,0,1,1,1,2,1,1,1,0.5,0.5,0,0,0,0,0
769,1038,HOT,LO,0,1,1,1,1,1.5,1,1,0.5,0.5,0,0,0,0,0
770,1040,COLD,ST,1,1,1,1,1,1.5,1,1,0.5,0.5,0,0,0,0,0
771,1041,COLD,SM,0,1,1,0,1,1.5,1,1,0.5,0.5,0,0,0,0,0
772,1042,COLD,SM,1,1,1,0,1,1,0.5,1,0.5,0.5,0,0,0,0,0
773,1043,COLD,SM,1,1,1,0,1,1,0.5,1,0.5,0.5,0,0,0,0,0
774,1044,HOT,ST,0,1,1,1,3,1.5,1,0,0.5,0.5,0,0,0,0,0
775,1045,COLD,ST,1,1,1,1,1,1.5,1,1,0.5,0.5,0,0,0,0,0
776,1046,MILD,ST,0,1,1,1,1,1.5,1,1,0.5,0.5,0,0,0,0,0
777,1047,MILD,ST,0,1,1,1,1,1.5,1,1,0.5,0.5,0,0,0,0,0
778,1048,COLD,ST,1,1,1,1,1,1.5,1,1,0.5,0.5,0,0,0,0,0
779,1049,COLD,SM,0,1,1,1,1,1,0.5,1,0.5,0.5,0,0,0,0,0
780,1050,COLD,ST,1,1,1,1,1,1.5,1,1,0.5,0.5,0,0,0,0,0
781,1051,COLD,ST,1,1,1,1,1,1.5,1,1,0.5,0.5,0,0,0,0,0
782,1052,COLD,SM,0,1,1,1,1,1,0.5,1,0.5,0.5,0,0,0,0,0
783,1053,MILD,SM,0,1,1,0,2,1.5,1,0,0.5,0.5,0,0,0,0,0
784,1054,HOT,ST,1,1,1,1,1,1.5,1,1,0.5,0.5,0,0,0,0,0
785,1055,MILD,SM,0,1,1,0,1,1.5,1,1,0.5,0.5,0,0,0,0,0
786,1056,MILD,ST,0,1,1,1,1,1.5,1,1.5,0.5,0.5,0,0,0,0,0
787,1057,MILD,SM,0,1,1,1,1,1,0.5,1,0.5,0.5,0,0,0,0,0
788,1058,SUPER HOT,SM,0,1,1,0,2,1,0.5,1,0.5,0.5,0,0,0,0,0
789,1059,SUPER HOT,ST,0,1,1,1,2,1.5,1,1,0.5,0.5,0,0,0,0,0
790,1060,HOT,SM,0,1,1,0,2,1,0.5,1,0.5,0.5,0,0,0,0,0
791,1062,MILD,SM,0,1,1,0,1,1.5,1,1,0.5,0.5,0,0,0,0,0
792,1063,MILD,ST,1,1,1,1,1,1.5,1,1,0.5,0.5,0,0,0,0,0
793,1064,COLD,LO,1,1,1,0,1,1.5,1,1,0.5,0.5,0,0,0,0,0
794,1065,MILD,LO,1,1,1,0,1,1.5,1,1,0.5,0.5,0,0,0,0,0
795,1066,COLD,ST,1,1,1,1,1,1.5,1,1,0.5,0.5,0,0,0,0,0
796,1067,COLD,ST,1,1,1,1,1,1.5,1,1,0.5,0.5,0,0,0,0,0
797,1068,COLD,SM,1,1,1,0,1,1,1,1,0.5,0.5,0,0,0,0,0
798,1069,HOT,ST,0,1,1,0,3,1.5,1,0,0.5,0.5,0,0,0,0,0
799,1070,SUPER HOT,SM,0,1,1,0,1,1.5,1,1,0.5,0.5,0,0,0,0,0
800,1071,SUPER HOT,ST,0,1,1,1,2,1.5,1,1,0.5,0.5,0,0,0,0,0
801,1072,COLD,SM,0,1,1,0,1,1.5,1,1,0.5,0.5,0,0,0,0,0
802,1073,SUPER HOT,ST,0,1,1,1,3,1.5,1,0.5,0.5,0.5,0,0,0,0,0
803,1075,SUPER HOT,SM,0,1,1,0,1,1.5,1,1,0.5,0.5,0,0,0,0,0
804,1076,MILD,ST,0,1,1,1,2,1.5,1,0,0.5,0.5,0,0,0,0,0
805,1077,HOT,ST,0,1,1,1,3,1.5,1,0,0.5,0.5,0,0,0,0,0
806,1078,COLD,LO,0,1,1,1,1,1,1,1,0.5,0.5,0,0,0,0,0
807,1079,COLD,SM,0,1,1,0,1,1.5,1,1,0.5,0.5,0,0,0,0,0
808,1081,MILD,SM,0,1,1,0,3,1,0.5,0,0.5,0.5,0,0,0,0,0
809,1082,MILD,SM,0,1,1,0,2,1.5,1,0,0.5,0.5,0,0,0,0,0
810,1083,MILD,ST,1,1,1,1,1,1.5,1,1,0.5,0.5,0,0,0,0,0
811,1084,SUPER HOT,ST,0,1,1,1,3,1.5,1,1,0.5,0.5,0,0,0,0,0
812,1085,COLD,SM,0,1,1,0,1,1.5,1,1,0.5,0.5,0,0,0,0,0
813,1086,COLD,SM,0,1,1,1,1,1,0.5,1,0.5,0.5,0,0,0,0,0
814,1087,COLD,SM,0,1,1,0,1,1.5,1,1,0.5,0.5,0,0,0,0,0
815,1089,MILD,SM,0,1,1,0,1,1.5,1,1,0.5,0.5,0,0,0,0,0
816,1091,HOT,SM,0,1,1,0,1,1.5,1,1,0.5,0.5,0,0,0,0,0
817,1092,SUPER HOT,ST,0,1,1,1,2,1.5,1,1,0.5,0.5,0,0,0,0,0
818,1093,HOT,SM,0,1,1,0,1,1.5,1,1,0.5,0.5,0,0,0,0,0
819,1094,MILD,ST,1,1,1,1,1,1.5,1,1,0.5,0.5,0,0,0,0,0
820,1095,MILD,SM,0,1,1,1,1,1,0.5,1,0.5,0.5,0,0,0,0,0
821,1096,COLD,ST,1,1,1,1,1,1.5,1,1,0.5,0.5,0,0,0,0,0
822,1097,COLD,ST,1,1,1,1,1,1.5,1,1,0.5,0.5,0,0,0,0,0
823,1098,MILD,SM,1,1,1,0,1,1,0.5,1,0.5,0.5,0,0,0,0,0
824,1102,SUPER HOT,LO,0,1,1,1,3,1,0.5,1,0.25,0.25,0,0,0,0,0
825,1103,MILD,SM,0,1,1,0,1,1.5,1,1,0.5,0.5,0,0,0,0,0
826,1104,COLD,ST,1,1,1,1,1,1.5,1,1,0.5,0.5,0,0,0,0,0
827,1105,SUPER HOT,LO,0,1,1,1,1,1.5,1,1,0.5,0.5,0,0,0,0,0
828,1106,MILD,SM,0,1,1,0,2,1.5,1,0,0.5,0.5,0,0,0,0,0
829,1107,SUPER HOT,LO,0,1,1,0,3,1,0.5,1,0.5,0.5,0,0,0,0,0
830,1108,MILD,ST,0,1,1,0,3,1.5,1,0,0.5,0.5,0,0,0,0,0
831,1109,HOT,SM,0,1,1,0,1,1.5,1,1,0.5,0.5,0,0,0,0,0
832,1110,SUPER HOT,SM,0,1,1,0,2,1,1,1,0.5,0.5,0,0,0,0,0
833,1111,MILD,SM,0,1,1,0,1,1.5,1,1,0.5,0.5,0,0,0,0,0
834,1112,HOT,SM,0,1,1,0,1,1.5,1,1,0.5,0.5,0,0,0,0,0
835,1113,COLD,ST,1,1,1,1,1,1.5,1,1,0.5,0.5,0,0,0,0,0
836,1115,HOT,SM,0,1,1,0,1,1.5,1,1,0.5,0.5,0,0,0,0,0
837,1117,MILD,LO,0,1,1,0,3,1.5,1,0,0.5,0.5,0,0,0,0,0
838,1118,MILD,LO,0,1,1,1,1,1.5,1,1,0.5,0.5,0,0,0,0,0
839,1119,MILD,ST,0,1,1,1,3,1.5,1,0,0.5,0.5,0,0,0,0,0
840,1121,MILD,ST,0,1,1,1,3,1.5,1,0,0.5,0.5,0,0,0,0,0
841,1122,MILD,ST,0,1,1,1,2,1.5,1,0,0.5,0.5,0,0,0,0,0
842,1123,HOT,ST,0,1,1,1,1,1.5,1,1,0.5,0.5,0,0,0,0,0
843,1124,COLD,ST,1,1,1,1,1,1.5,1,1,0.5,0.5,0,0,0,0,0
844,1125,HOT,LO,0,1,1,0,3,1.5,1,0,0.5,0.5,0,0,0,0,0
845,1126,HOT,LO,1,1,1,0,1,1.5,1,1,0.5,0.5,0,0,0,0,0
846,1127,SUPER HOT,LO,0,1,1,1,2,1.5,1,0,0.5,0.5,0,0,0,0,0
847,1128,SUPER HOT,LO,0,1,1,0,2,1.5,1,0,0.5,0.5,0,0,0,0,0
848,1130,HOT,ST,0,1,1,0,3,1.5,1,0,0.5,0.5,0,0,0,0,0
849,1132,COLD,ST,1,1,1,1,1,1.5,1,1,0.5,0.5,0,0,0,0,0
850,1133,SUPER HOT,SM,0,1,1,0.5,2,1,0.5,1,0.25,0.25,0,0,0,0,0
851,1134,MILD,SM,0,1,1,1,2,1,1,0,0.5,0.5,0,0,0,0,0
852,1135,MILD,ST,0,1,1,1,1,1.5,1,1.5,0.5,0.5,0,0,0,0,0
853,1136,MILD,ST,0,1,1,0,2,1.5,1,0,0.5,0.5,0,0,0,0,0
854,1137,COLD,SM,1,1,1,0,1,1,0.5,1,0.5,0.5,0,0,0,0,0
855,1138,HOT,SM,0,1,1,0,1,1.5,1,1,0.5,0.5,0,0,0,0,0
856,1139,SUPER HOT,ST,0,1,1,1,2,1.5,1,1,0.5,0.5,0,0,0,0,0
857,1140,MILD,SM,0,1,1,0,2,1.5,1,0,0.5,0.5,0,0,0,0,0
858,1141,MILD,SM,0,1,1,0,1,1.5,1,1,0.5,0.5,0,0,0,0,0
859,1142,SUPER HOT,LO,0,1,1,1,2,1.5,1,0,0.5,0.5,0,0,0,0,0
860,1143,COLD,ST,1,1,1,1,1,1.5,1,1,0.5,0.5,0,0,0,0,0
861,1144,MILD,SM,0,1,1,0,2,1.5,1,0,0.5,0.5,0,0,0,0,0
862,1145,COLD,ST,1,1,1,1,1,1.5,1,1,0.5,0.5,0,0,0,0,0
863,1146,COLD,SM,0,1,1,0,1,1.5,1,1,0.5,0.5,0,0,0,0,0
864,1147,COLD,ST,1,1,1,1,1,1.5,1,1,0.5,0.5,0,0,0,0,0
865,1149,SUPER HOT,LO,0,1,1,1,2,1.5,1,0,0.5,0.5,0,0,0,0,0
866,1151,HOT,LO,0,1,1,0,1,1.5,1,1,0.5,0.5,0,0,0,0,0
867,1152,MILD,LO,0,1,1,1,2,1.5,1,0,0.5,0.5,0,0,0,0,0
868,1153,COLD,SM,0,1,1,1,1,1,0.5,1,0.5,0.5,0,0,0,0,0
869,1155,COLD,SM,1,1,1,0,1,1,0.5,1,0.5,0.5,0,0,0,0,0
870,1156,COLD,ST,0,1,1,1,1,1.5,1,1,0.5,0.5,0,0,0,0,0
871,1157,COLD,ST,1,1,1,1,1,1.5,1,1,0.5,0.5,0,0,0,0,0
872,1158,MILD,ST,0,1,1,1,1,1.5,1,1,0.5,0.5,0,0,0,0,0
873,1159,HOT,ST,0,1,1,1,3,1.5,1,0,0.5,0.5,0,0,0,0,0
874,1160,SUPER HOT,LO,0,1,1,1,3,1,1,0,0.5,0.5,0,0,0,0,0
875,1161,COLD,ST,0,1,1,1,1,1.5,1,1,0.5,0.5,0,0,0,0,0
876,1162,SUPER HOT,LO,0,1,1,1,2,1.5,1,0,0.5,0.5,0,0,0,0,0
877,1163,HOT,SM,0,1,1,0,1,1.5,1,1,0.5,0.5,0,0,0,0,0
878,1164,HOT,ST,0,1,1,1,1,1.5,1,1.5,0.5,0.5,0,0,0,0,0
879,1165,COLD,ST,0,1,1,1,1,1.5,1,1.5,0.5,0.5,0,0,0,0,0
880,1166,COLD,SM,1,1,1,0,1,1,0.5,1,0.5,0.5,0,0,0,0,0
881,1167,HOT,LO,0,1,1,0,1,1.5,1,1,0.5,0.5,0,0,0,0,0
882,1168,COLD,ST,1,1,1,1,1,1.5,1,1,0.5,0.5,0,0,0,0,0
883,1169,COLD,ST,0,1,1,1,1,1.5,1,1.5,0.5,0.5,0,0,0,0,0
884,1171,SUPER HOT,ST,0,1,1,1,2,1.5,1,1,0.5,0.5,0,0,0,0,0
885,1172,MILD,LO,0,1,1,1,3,1,0.5,0,0.5,0.5,0,0,0,0,0
886,1173,HOT,ST,0,1,1,1,3,1.5,1,1,0.5,0.5,0,0,0,0,0
887,1174,COLD,ST,1,1,1,1,1,1.5,1,1,0.5,0.5,0,0,0,0,0
888,1175,MILD,LO,0,1,1,0,1,1.5,1,1,0.5,0.5,0,0,0,0,0
889,1176,HOT,SM,0,1,1,0,2,1,0.5,1,0.5,0.5,0,0,0,0,0
890,1177,SUPER HOT,SM,0,1,1,0,2,1,0.5,1,0.5,0.5,0,0,0,0,0
891,1178,COLD,ST,1,1,1,1,1,1.5,1,1,0.5,0.5,0,0,0,0,0
892,1179,HOT,SM,0,1,1,0.5,2,1,0.5,1,0.25,0.25,0,0,0,0,0
893,1180,HOT,ST,0,1,1,1,2,1.5,1,1,0.5,0.5,0,0,0,0,0
894,1181,HOT,ST,0,1,1,1,2,1.5,1,1,0.5,0.5,0,0,0,0,0
895,1182,COLD,ST,1,1,1,1,1,1.5,1,1,0.5,0.5,0,0,0,0,0
896,1183,HOT,ST,1,1,1,1,1,1.5,1,1,0.5,0.5,0,0,0,0,0
897,1184,HOT,ST,0,1,1,1,2,1.5,1,1,0.5,0.5,0,0,0,0,0
898,1185,COLD,ST,1,1,1,1,1,1.5,1,1,0.5,0.5,0,0,0,0,0
899,1186,HOT,ST,0,1,1,1,3,1.5,1,0,0.5,0.5,0,0,0,0,0
900,1187,SUPER HOT,ST,0,1,1,1,3,1.5,1,0,0.5,0.5,0,0,0,0,0
901,1188,HOT,SM,0,1,1,0,3,1,0.5,1,0.25,0.25,0,0,0,0,0
902,1189,COLD,SM,0,1,1,1,1,1,0.5,1,0.5,0.5,0,0,0,0,0
903,1190,MILD,ST,0,1,1,1,1,1.5,1,1,0.5,0.5,0,0,0,0,0
904,1191,HOT,SM,0,1,1,0,1,1.5,1,1,0.5,0.5,0,0,0,0,0
905,1192,MILD,ST,1,1,1,0,1,1.5,1,1,0.5,0.5,0,0,0,0,0
906,1193,HOT,SM,0,1,1,0,2,1,1,1,0.5,0.5,0,0,0,0,0
907,1194,HOT,SM,0,1,1,0,1,1.5,1,1,0.5,0.5,0,0,0,0,0
908,1195,HOT,ST,0,1,1,0,1,1.5,1,1,0.5,0.5,0,0,0,0,0
909,1196,MILD,SM,1,1,1,0,1,1,0.5,1,0.5,0.5,0,0,0,0,0
910,1197,MILD,ST,0,1,1,1,1,1.5,1,1,0.5,0.5,0,0,0,0,0
911,1198,COLD,SM,1,1,1,0,1,1,0.5,1,0.5,0.5,0,0,0,0,0
912,1199,COLD,SM,0,1,1,0,1,1.5,1,1,0.5,0.5,0,0,0,0,0
913,1200,SUPER HOT,SM,0,1,1,0,1,1.5,1,1,0.5,0.5,0,0,0,0,0
914,1201,SUPER HOT,ST,0,1,1,1,3,1.5,1,0.5,0.5,0.5,0,0,0,0,0
915,1202,SUPER HOT,SM,0,1,1,0,2,1.5,1,0,0.5,0.5,0,0,0,0,0
916,1203,COLD,SM,0,1,1,0,1,1.5,1,1,0.5,0.5,0,0,0,0,0
917,1204,COLD,SM,0,1,1,0,1,1.5,1,1,0.5,0.5,0,0,0,0,0
918,1205,COLD,SM,0,1,1,0,1,1.5,1,1,0.5,0.5,0,0,0,0,0
919,1207,SUPER HOT,ST,0,1,1,1,3,1.5,1,0.5,0.5,0.5,0,0,0,0,0
920,1209,SUPER HOT,LO,0,1,1,1,2,1.5,1,0,0.5,0.5,0,0,0,0,0
921,1211,SUPER HOT,LO,0,1,1,1,2,1.5,1,0,0.5,0.5,0,0,0,0,0
922,1212,HOT,ST,1,1,1,1,1,1.5,1,1,0.5,0.5,0,0,0,0,0
923,1215,HOT,SM,0,1,1,0,1,1.5,1,1,0.5,0.5,0,0,0,0,0
924,1216,MILD,SM,0,1,1,0,1,1.5,1,1,0.5,0.5,0,0,0,0,0
925,1217,COLD,LO,0,1,1,0,1,1.5,1,1,0.5,0.5,0,0,0,0,0
926,1219,SUPER HOT,SM,0,1,1,0,2,1,0.5,1,0.5,0.5,0,0,0,0,0
927,1221,COLD,LO,1,1,1,1,1,1,1,1,0.5,0.5,0,0,0,0,0
928,1222,SUPER HOT,LO,0,1,1,1,2,1.5,1,0,0.5,0.5,0,0,0,0,0
929,1223,MILD,SM,0,1,1,0,1,1.5,1,1,0.5,0.5,0,0,0,0,0
930,1224,COLD,ST,1,1,1,1,1,1.5,1,1,0.5,0.5,0,0,0,0,0
931,1225,MILD,SM,1,1,1,0,1,1,0.5,1,0.5,0.5,0,0,0,0,0
932,1226,SUPER HOT,SM,0,1,1,0,1,1.5,1,1,0.5,0.5,0,0,0,0,0
933,1227,MILD,ST,0,1,1,1,1,1.5,1,1.5,0.5,0.5,0,0,0,0,0
934,1228,HOT,SM,0,1,1,0,1,1.5,1,1,0.5,0.5,0,0,0,0,0
935,1229,SUPER HOT,LO,0,1,1,1,2,1.5,1,0,0.5,0.5,0,0,0,0,0
936,1230,SUPER HOT,LO,0,1,1,0,2,1.5,1,0,0.5,0.5,0,0,0,0,0
937,1231,SUPER HOT,LO,0,1,1,1,3,1,0.5,1,0.25,0.25,0,0,0,0,0
938,1232,COLD,SM,0,1,1,0,1,1.5,1,1,0.5,0.5,0,0,0,0,0
939,1233,HOT,ST,0,1,1,1,2,1.5,1,1,0.5,0.5,0,0,0,0,0
940,1234,HOT,SM,0,1,1,0,1,1.5,1,1,0.5,0.5,0,0,0,0,0
941,1235,COLD,ST,1,1,1,1,1,1.5,1,1,0.5,0.5,0,0,0,0,0
942,1236,SUPER HOT,ST,0,1,1,1,3,1.5,1,1,0.5,0.5,0,0,0,0,0
943,1237,COLD,ST,1,1,1,1,1,1.5,1,1,0.5,0.5,0,0,0,0,0
944,1238,MILD,SM,0,1,1,0,1,1.5,1,1,0.5,0.5,0,0,0,0,0
945,1240,SUPER HOT,SM,0,1,1,1,2,1,0.5,1,0.25,0.25,0,0,0,0,0
946,1241,COLD,ST,1,1,1,1,1,1.5,1,1,0.5,0.5,0,0,0,0,0
947,1242,SUPER HOT,LO,0,1,1,0,2,1.5,1,1,0.5,0.5,0,0,0,0,0
948,1243,SUPER HOT,ST,0,1,1,1,3,1.5,1,0,0.5,0.5,0,0,0,0,0
949,1245,SUPER HOT,LO,0,1,1,1,2,1.5,1,0,0.5,0.5,0,0,0,0,0
950,1246,SUPER HOT,LO,0,1,1,0,1,1.5,1,0,0.5,0.5,0,0,0,0,0
951,1247,SUPER HOT,ST,0,1,1,1,3,1.5,1,0,0.5,0.5,0,0,0,0,0
952,1248,SUPER HOT,ST,0,1,1,1,2,1.5,1,0,0.5,0.5,0,0,0,0,0
953,1249,SUPER HOT,LO,0,1,1,1,2,1.5,1,0,0.5,0.5,0,0,0,0,0
954,1250,SUPER HOT,SM,0,1,1,0,1,1.5,1,0,0.5,0.5,0,0,0,0,0
955,1253,COLD,ST,1,1,1,1,1,1.5,1,1,0.5,0.5,0,0,0,0,0
956,1255,COLD,ST,1,1,1,1,1,1.5,1,1,0.5,0.5,0,0,0,0,0
957,1256,COLD,ST,1,1,1,1,1,1.5,1,1,0.5,0.5,0,0,0,0,0
958,1257,COLD,ST,1,1,1,1,1,1.5,1,1,0.5,0.5,0,0,0,0,0
959,1261,HOT,ST,0,1,1,1,1,1.5,1,1.5,0.5,0.5,0,0,0,0,0
960,1262,MILD,LO,0,1,1,1,3,1,1,0,0.5,0.5,0,0,0,0,0
961,1264,HOT,SM,0,1,1,0,1,1.5,1,1,0.5,0.5,0,0,0,0,0
962,1265,COLD,ST,1,1,1,1,1,1.5,1,1,0.5,0.5,0,0,0,0,0
963,1266,COLD,ST,1,1,1,1,1,1.5,1,1,0.5,0.5,0,0,0,0,0
964,1267,COLD,SM,0,1,1,0,1,1.5,1,1,0.5,0.5,0,0,0,0,0
965,1268,COLD,ST,1,1,1,1,1,1.5,1,1,0.5,0.5,0,0,0,0,0
966,1269,SUPER HOT,SM,0,1,1,0,2,1.5,1,0,0.5,0.5,0,0,0,0,0
967,1270,SUPER HOT,LO,0,1,1,1,2,1,0.5,1,0.5,0.5,0,0,0,0,0
968,1271,COLD,ST,1,1,1,1,1,1.5,1,1,0.5,0.5,0,0,0,0,0
969,1272,MILD,SM,1,1,1,0,1,1,0.5,1,0.5,0.5,0,0,0,0,0
970,1275,SUPER HOT,ST,0,1,1,1,2,1.5,1,1,0.5,0.5,0,0,0,0,0
971,1276,HOT,SM,0,1,1,0,2,1,0.5,1,0.5,0.5,0,0,0,0,0
972,1277,COLD,ST,1,1,1,1,1,1.5,1,1,0.5,0.5,0,0,0,0,0
973,1279,SUPER HOT,SM,0,1,1,0,2.5,1,0.5,1,0.25,0.25,0,0,0,0,0
974,1280,HOT,LO,0,1,1,0,2,1.5,1,1,0.5,0.5,0,0,0,0,0
975,1281,COLD,ST,1,1,1,1,1,1.5,1,1,0.5,0.5,0,0,0,0,0
976,1282,HOT,ST,0,1,1,1,3,1.5,1,0,0.5,0.5,0,0,0,0,0
977,1283,COLD,SM,1,1,1,1,1,1,0.5,1,0.25,0.25,0,0,0,0,0
978,1284,HOT,SM,0,1,1,0,1,1.5,1,1,0.5,0.5,0,0,0,0,0
979,1285,MILD,SM,0,1,1,1,1,1,0.5,1,0.5,0.5,0,0,0,0,0
980,1286,HOT,SM,0,1,1,0,1,1.5,1,1,0.5,0.5,0,0,0,0,0
981,1287,SUPER HOT,LO,0,1,1,0,2,1.5,1,0,0.5,0.5,0,0,0,0,0
982,1288,SUPER HOT,SM,0,1,1,0,2,1.5,1,0,0.5,0.5,0,0,0,0,0
983,1290,SUPER HOT,LO,0,1,1,1,3,1,1,0,0.5,0.5,0,0,0,0,0
984,1291,HOT,SM,0,1,1,0,1,1.5,1,1,0.5,0.5,0,0,0,0,0
985,1292,MILD,SM,0,1,1,0,2,1.5,1,0,0.5,0.5,0,0,0,0,0
986,1293,SUPER HOT,LO,0,1,1,0,2,1.5,1,0,0.5,0.5,0,0,0,0,0
987,1294,SUPER HOT,LO,0,1,1,0,2,1.5,1,0,0.5,0.5,0,0,0,0,0
988,1295,COLD,SM,0,1,1,0,1,1.5,1,1,0.5,0.5,0,0,0,0,0
989,1300,COLD,SM,0,1,1,0,1,1.5,1,1,0.5,0.5,0,0,0,0,0
990,1301,COLD,SM,0,1,1,0,1,1.5,1,1,0.5,0.5,0,0,0,0,0
991,1302,COLD,SM,0,1,1,0,1,1.5,1,1,0.5,0.5,0,0,0,0,0
992,1303,MILD,SM,0,1,1,0,1,1.5,1,1,0.5,0.5,0,0,0,0,0
993,1304,MILD,SM,0,1,1,1,1,1,0.5,1,0.5,0.5,0,0,0,0,0
994,1305,COLD,ST,1,1,1,1,1,1.5,1,1,0.5,0.5,0,0,0,0,0
995,1306,COLD,LO,0,1,1,1,1,1.5,1,1,0.5,0.5,0,0,0,0,0
996,1307,HOT,LO,0,1,1,1,1,1,1,1,0.5,0.5,0,0,0,0,0
997,1308,COLD,SM,1,1,1,0,1,1,0.5,1,0.5,0.5,0,0,0,0,0
998,1309,MILD,SM,1,1,1,0,1,1,0.5,1,0.5,0.5,0,0,0,0,0
999,1310,MILD,SM,1,1,1,0,1,1,0.5,1,0.5,0.5,0,0,0,0,0
1000,1312,COLD,LO,1,1,1,1,1,1,1,1,0.5,0.5,0,0,0,0,0
1001,1313,HOT,ST,1,1,1,1,1,1.5,1,1,0.5,0.5,0,0,0,0,0
1002,1314,COLD,SM,1,1,1,0,1,1,1,1,0.5,0.5,0,0,0,0,0
1003,1315,COLD,SM,0,1,1,0,1,1.5,1,1,0.5,0.5,0,0,0,0,0
1004,1316,SUPER HOT,LO,0,1,1,0,2,1.5,1,0,0.5,0.5,0,0,0,0,0
1005,1317,MILD,ST,1,1,1,1,1,1.5,1,1,0.5,0.5,0,0,0,0,0
1006,1318,MILD,ST,0,1,1,0,1,1.5,1,1,0.5,0.5,0,0,0,0,0
1007,1319,COLD,ST,0,1,1,1,1,1.5,1,1,0.5,0.5,0,0,0,0,0
1008,1320,MILD,ST,0,1,1,1,1,1.5,1,1.5,0.5,0.5,0,0,0,0,0
1009,1322,HOT,ST,1,1,1,1,1,1.5,1,1,0.5,0.5,0,0,0,0,0
1010,1324,MILD,SM,0,1,1,0,2,1.5,1,0,0.5,0.5,0,0,0,0,0
1011,1325,COLD,ST,1,1,1,1,1,1.5,1,1,0.5,0.5,0,0,0,0,0
1012,1326,COLD,SM,0,1,1,0,3,1,1,0,0.5,0.5,0,0,0,0,0
1013,1327,SUPER HOT,LO,0,1,1,1,3,1,1,0,0.5,0.5,0,0,0,0,0
1014,1328,COLD,ST,1,1,1,1,1,1.5,1,0.5,0.5,0.5,0,0,0,0,0
1015,1329,MILD,SM,1,1,1,0,1,1,0.5,1,0.5,0.5,0,0,0,0,0
1016,1330,MILD,ST,1,1,1,1,1,1.5,1,1,0.5,0.5,0,0,0,0,0
1017,1331,HOT,SM,0,1,1,0,1,1.5,1,1,0.5,0.5,0,0,0,0,0
1018,1332,COLD,SM,0,1,1,0,1,1.5,1,1,0.5,0.5,0,0,0,0,0
1019,1334,HOT,SM,0,1,1,0,1,1.5,1,1,0.5,0.5,0,0,0,0,0
1020,1340,SUPER HOT,LO,0,1,1,1,2,1,0.5,1,0.5,0.5,0,0,0,0,0
1021,1342,HOT,SM,0,1,1,0,1,1.5,1,1,0.5,0.5,0,0,0,0,0
1022,1343,COLD,SM,0,1,1,0,1,1.5,1,1,0.5,0.5,0,0,0,0,0
1023,1347,COLD,ST,1,1,1,1,1,1.5,1,1,0.5,0.5,0,0,0,0,0
1024,1349,MILD,SM,0,1,1,0,1,1.5,1,1,0.5,0.5,0,0,0,0,0
1025,1350,MILD,SM,0,1,1,0,1,1.5,1,1,0.5,0.5,0,0,0,0,0
1026,1352,MILD,SM,1,1,1,0,1,1,0.5,1,0.5,0.5,0,0,0,0,0
1027,1353,COLD,SM,1,1,1,0,1,1,0.5,1,0.5,0.5,0,0,0,0,0
1028,1354,SUPER HOT,SM,0,1,1,0,1,1.5,1,1,0.5,0.5,0,0,0,0,0
1029,1355,COLD,ST,1,1,1,1,1,1.5,1,1,0.5,0.5,0,0,0,0,0
1030,1356,HOT,SM,0,1,1,0,2,1,0.5,1,0.5,0.5,0,0,0,0,0
1031,1357,MILD,SM,0,1,1,0,1,1.5,1,1,0.5,0.5,0,0,0,0,0
1032,1358,MILD,SM,0,1,1,0.5,3,1,0.5,0,0.25,0.25,0,0,0,0,0
1033,1359,HOT,SM,0,1,1,0,3,1,1,0,0.5,0.5,0,0,0,0,0
1034,1360,HOT,SM,0,1,1,1,2,1,0.5,0,0.5,0.5,0,0,0,0,0
1035,1361,MILD,SM,0,1,1,0,3,1,1,0,0.5,0.5,0,0,0,0,0
1036,1362,HOT,SM,0,1,1,0,3,1,1,0,0.5,0.5,0,0,0,0,0
1037,1363,HOT,SM,0,1,1,0,3,1,1,0,0.5,0.5,0,0,0,0,0
1038,1364,HOT,ST,0,1,1,1,3,1.5,1,0,0.5,0.5,0,0,0,0,0
1039,1365,HOT,SM,0,1,1,0,3,1,1,0,0.5,0.5,0,0,0,0,0
1040,1366,HOT,SM,0,1,1,0,3,1,1,0,0.5,0.5,0,0,0,0,0
1041,1367,HOT,SM,0,1,1,0,3,1,0.5,0,0.5,0.5,0,0,0,0,0
1042,1370,HOT,SM,0,1,1,0,2,1.5,1,0,0.5,0.5,0,0,0,0,0
1043,1371,MILD,SM,0,1,1,0,3,1,0.5,0,0.5,0.5,0,0,0,0,0
1044,1372,HOT,SM,0,1,1,0,3,1,0.5,0,0.5,0.5,0,0,0,0,0
1045,1373,HOT,SM,0,1,1,0,2,1.5,1,0,0.5,0.5,0,0,0,0,0
1046,1374,HOT,SM,0,1,1,0,2,1.5,1,0,0.5,0.5,0,0,0,0,0
1047,1376,HOT,SM,0,1,1,1,2,1,0.5,0,0.5,0.5,0,0,0,0,0
1048,1377,HOT,SM,0,1,1,0,3,1,1,0,0.5,0.5,0,0,0,0,0
1049,1378,HOT,SM,0,1,1,0,3,1,1,0,0.5,0.5,0,0,0,0,0
1050,1379,MILD,SM,0,1,1,0,2,1.5,1,0,0.5,0.5,0,0,0,0,0
1051,1381,HOT,ST,0,1,1,1,3,1.5,1,0,0.5,0.5,0,0,0,0,0
1052,1382,HOT,SM,0,1,1,0,3,1,1,0,0.5,0.5,0,0,0,0,0
1053,1383,MILD,SM,0,1,1,0,3,1,0.5,0,0.5,0.5,0,0,0,0,0
1054,1385,HOT,SM,0,1,1,1,2,1,0.5,0,0.5,0.5,0,0,0,0,0
1055,1386,HOT,SM,0,1,1,0,3,1,0.5,0,0.5,0.5,0,0,0,0,0
1056,1388,MILD,SM,0,1,1,0,2,1.5,1,0,0.5,0.5,0,0,0,0,0
1057,1389,MILD,SM,0,1,1,0,2,1.5,1,0,0.5,0.5,0,0,0,0,0
1058,1390,HOT,SM,0,1,1,0,3,1,0.5,0,0.5,0.5,0,0,0,0,0
1059,1391,HOT,SM,0,1,1,0,3,1,1,0,0.5,0.5,0,0,0,0,0
1060,1393,HOT,SM,0,1,1,0,2,1,1,1,0.5,0.5,0,0,0,0,0
1061,1394,MILD,ST,0,1,1,1,1,1.5,1,1,0.5,0.5,0,0,0,0,0
1062,1395,COLD,ST,1,1,1,1,1,1.5,1,0.5,0.5,0.5,0,0,0,0,0
1063,1396,MILD,SM,1,1,1,0,1,1,0.5,1,0.5,0.5,0,0,0,0,0
1064,1397,COLD,SM,1,1,1,0,1,1,0.5,1,0.5,0.5,0,0,0,0,0
1065,1399,HOT,SM,0,1,1,0.5,3,1,0.5,0,0.25,0.25,0,0,0,0,0
1066,1400,HOT,SM,0,1,1,0,3,1,1,0,0.5,0.5,0,0,0,0,0
1067,1401,MILD,ST,1,1,1,1,1,1.5,1,1,0.5,0.5,0,0,0,0,0
1068,1403,HOT,SM,0,1,1,0,3,1,0.5,0,0.5,0.5,0,0,0,0,0
1069,1404,MILD,SM,0,1,1,0,3,1,1,0,0.5,0.5,0,0,0,0,0
1070,1405,MILD,ST,0,1,1,1,1,1.5,1,1,0.5,0.5,0,0,0,0,0
1071,1407,MILD,SM,0,1,1,0,3,1,0.5,0,0.5,0.5,0,0,0,0,0
1072,1408,MILD,LO,1,1,1,1,1,1,0.5,1,0.5,0.5,0,0,0,0,0
1073,1409,COLD,LO,0,1,1,1,1,1.5,1,1,0.5,0.5,0,0,0,0,0
1074,1410,COLD,SM,0,1,1,0,1,1.5,1,1,0.5,0.5,0,0,0,0,0
1075,1411,COLD,SM,1,1,1,0,1,1,0.5,1,0.5,0.5,0,0,0,0,0
1076,1413,COLD,SM,1,1,1,0,1,1,0.5,1,0.5,0.5,0,0,0,0,0
1077,1414,MILD,SM,0,1,1,1,1,1,0.5,1,0.5,0.5,0,0,0,0,0
1078,1415,HOT,SM,0,1,1,0,3,1,1,0,0.5,0.5,0,0,0,0,0
1079,1416,HOT,SM,0,1,1,0,1,1.5,1,1,0.5,0.5,0,0,0,0,0
1080,1418,COLD,ST,1,1,1,1,1,1.5,1,1,0.5,0.5,0,0,0,0,0
1081,1419,COLD,SM,1,1,1,0,1,1,0.5,1,0.5,0.5,0,0,0,0,0
1082,1420,COLD,SM,1,1,1,0,1,1,0.5,1,0.5,0.5,0,0,0,0,0
1083,1421,MILD,SM,1,1,1,0,1,1,0.5,1,0.5,0.5,0,0,0,0,0
1084,1422,HOT,SM,0,1,1,0,1,1.5,1,1,0.5,0.5,0,0,0,0,0
1085,1424,HOT,SM,0,1,1,0,1,1.5,1,1,0.5,0.5,0,0,0,0,0
1086,1425,COLD,SM,1,1,1,0,1,1,0.5,1,0.5,0.5,0,0,0,0,0
1087,1426,COLD,SM,0,1,1,0,1,1.5,1,1,0.5,0.5,0,0,0,0,0
1088,1428,SUPER HOT,SM,0,1,1,1,2,1,1,0,0.5,0.5,0,0,0,0,0
1089,1429,SUPER HOT,SM,0,1,1,1,2,1,1,0,0.5,0.5,0,0,0,0,0
1090,1430,SUPER HOT,SM,0,1,1,0,2,1.5,1,0,0.5,0.5,0,0,0,0,0
1091,1431,HOT,SM,0,1,1,0,1,1.5,1,1,0.5,0.5,0,0,0,0,0
1092,1432,HOT,ST,1,1,1,1,1,1.5,1,1,0.5,0.5,0,0,0,0,0
1093,1434,SUPER HOT,SM,0,1,1,0,3,1,1,0,0.5,0.5,0,0,0,0,0
1094,1435,HOT,SM,0,1,1,0,1,1.5,1,1,0.5,0.5,0,0,0,0,0
1095,1436,HOT,SM,0,1,1,0,1,1.5,1,1,0.5,0.5,0,0,0,0,0
1096,1437,SUPER HOT,SM,0,1,1,0,1,1.5,1,1,0.5,0.5,0,0,0,0,0
1097,1438,HOT,SM,0,1,1,0,1,1.5,1,1,0.5,0.5,0,0,0,0,0
1098,1439,HOT,SM,0,1,1,0,1,1.5,1,1,0.5,0.5,0,0,0,0,0
1099,1440,COLD,SM,1,1,1,0,1,1,0.5,1,0.5,0.5,0,0,0,0,0
1100,1441,MILD,SM,0,1,1,0,1,1.5,1,1,0.5,0.5,0,0,0,0,0
1101,1442,COLD,SM,0,1,1,0,1,1.5,1,1,0.5,0.5,0,0,0,0,0
1102,1443,MILD,SM,0,1,1,0,1,1.5,1,1,0.5,0.5,0,0,0,0,0
1103,1445,SUPER HOT,SM,0,1,1,0,1,1.5,1,1,0.5,0.5,0,0,0,0,0
1104,1447,COLD,SM,1,1,1,0,1,1,0.5,1,0.5,0.5,0,0,0,0,0
1105,1448,COLD,SM,1,1,1,0,1,1,0.5,1,0.5,0.5,0,0,0,0,0
1106,1450,SUPER HOT,SM,1,1,1,0,1,1.5,1,0,0.5,0.5,0,0,0,0,0
1107,1452,COLD,SM,1,1,1,0,1,1,0.5,1,0.5,0.5,0,0,0,0,0
1108,1453,MILD,SM,0,1,1,0,1,1.5,1,1,0.5,0.5,0,0,0,0,0
1109,1454,COLD,SM,0,1,1,0,1,1.5,1,1,0.5,0.5,0,0,0,0,0
1110,1455,MILD,SM,0,1,1,0,2,1.5,1,0,0.5,0.5,0,0,0,0,0
1111,1456,SUPER HOT,SM,0,1,1,0,2,1,1,1,0.5,0.5,0,0,0,0,0
1112,1457,COLD,SM,1,1,1,0,1,1,1,1,0.5,0.5,0,0,0,0,0
1113,1458,MILD,SM,0,1,1,0,2,1.5,1,0,0.5,0.5,0,0,0,0,0
1114,1461,HOT,SM,0,1,1,0,2,1,0.5,1,0.5,0.5,0,0,0,0,0
1115,1462,COLD,SM,0,1,1,0,1,1.5,1,1,0.5,0.5,0,0,0,0,0
1116,1463,COLD,SM,0,1,1,0,1,1.5,1,1,0.5,0.5,0,0,0,0,0
1117,1465,COLD,SM,1,1,1,0,1,1,0.5,1,0.5,0.5,0,0,0,0,0
1118,1466,COLD,SM,1,1,1,0,1,1,0.5,1,0.5,0.5,0,0,0,0,0
1119,1467,COLD,SM,0,1,1,0,1,1.5,1,1,0.5,0.5,0,0,0,0,0
1120,1468,MILD,SM,1,1,1,0,1,1,0.5,1,0.5,0.5,0,0,0,0,0
1121,1469,SUPER HOT,SM,0,1,1,0,2,1,0.5,1,0.5,0.5,0,0,0,0,0
1122,1470,COLD,SM,1,1,1,0,1,1,1,1,0.5,0.5,0,0,0,0,0
1123,1473,HOT,SM,0,1,1,0,1,1.5,1,1,0.5,0.5,0,0,0,0,0
1124,1474,HOT,SM,0,1,1,0,1,1.5,1,1,0.5,0.5,0,0,0,0,0
1125,1476,COLD,ST,1,1,1,1,1,1.5,1,1,0.5,0.5,0,0,0,0,0
1126,1480,MILD,SM,0,1,1,0,1,1.5,1,1,0.5,0.5,0,0,0,0,0
1127,1481,COLD,SM,0,1,1,0,1,1.5,1,1,0.5,0.5,0,0,0,0,0
1128,1484,SUPER HOT,SM,0,1,1,0,2,1,1,1,0.5,0.5,0,0,0,0,0
1129,1487,COLD,SM,1,1,1,0,1,1,0.5,1,0.5,0.5,0,0,0,0,0
1130,1492,HOT,SM,0,1,1,0,1,1.5,1,1,0.5,0.5,0,0,0,0,0
1131,1493,HOT,SM,0,1,1,0,1,1.5,1,1,0.5,0.5,0,0,0,0,0
1132,1494,MILD,SM,0,1,1,0,1,1.5,1,1,0.5,0.5,0,0,0,0,0
1133,1497,COLD,SM,1,1,1,0,1,1,0.5,1,0.5,0.5,0,0,0,0,0
1134,1498,COLD,SM,1,1,1,0,1,1,0.5,1,0.5,0.5,0,0,0,0,0
1135,1499,COLD,SM,1,1,1,0,1,1,1,1,0.5,0.5,0,0,0,0,0
1136,1500,COLD,SM,0,1,1,0,1,1.5,1,1,0.5,0.5,0,0,0,0,0
1137,1501,MILD,SM,0,1,1,0,2,1.5,1,0,0.5,0.5,0,0,0,0,0
1138,1502,SUPER HOT,SM,0,1,1,0,2,1,1,1,0.5,0.5,0,0,0,0,0
1139,1503,COLD,SM,0,1,1,0,1,1.5,1,1,0.5,0.5,0,0,0,0,0
1140,1504,COLD,SM,0,1,1,0,1,1.5,1,1,0.5,0.5,0,0,0,0,0
1141,1506,COLD,SM,0,1,1,0,1,1.5,1,1,0.5,0.5,0,0,0,0,0
1142,1507,COLD,SM,0,1,1,0,1,1.5,1,1,0.5,0.5,0,0,0,0,0
1143,1508,MILD,SM,1,1,1,0,1,1.5,1,0,0.5,0.5,0,0,0,0,0
1144,1510,MILD,SM,1,1,1,0,1,1,1,1,0.5,0.5,0,0,0,0,0
1145,1515,COLD,SM,1,1,1,0,1,1.5,1,0,0.5,0.5,0,0,0,0,0
1146,1516,COLD,SM,0,1,1,0,1,1.5,1,1,0.5,0.5,0,0,0,0,0
1147,1517,COLD,SM,0,1,1,0,1,1.5,1,0,0.5,0.5,0,0,0,0,0
1148,1518,MILD,SM,1,1,1,0,1,1.5,1,0,0.5,0.5,0,0,0,0,0
1149,1519,COLD,SM,1,1,1,0,1,1.5,1,0,0.5,0.5,0,0,0,0,0
1150,1522,COLD,SM,1,1,1,0,1,1.5,1,0,0.5,0.5,0,0,0,0,0
